2026-10-01 10:31:01.677 +07:00 [INF] : WardMate.Services.DocumentForm started successfully.
2026-10-01 10:31:01.778 +07:00 [INF] Microsoft.Hosting.Lifetime: Now listening on: http://localhost:5004
2026-10-01 10:31:01.783 +07:00 [INF] Microsoft.Hosting.Lifetime: Application started. Press Ctrl+C to shut down.
2026-10-01 10:31:01.785 +07:00 [INF] Microsoft.Hosting.Lifetime: Hosting environment: Development
2026-10-01 10:31:01.786 +07:00 [INF] Microsoft.Hosting.Lifetime: Content root path: D:\term 9\wardmate-backend\src\Services\WardMate.Services.DocumentForm\WardMate.Services.DocumentForm.API
2026-10-01 10:31:23.631 +07:00 [INF] Microsoft.Hosting.Lifetime: Application is shutting down...
2026-10-01 10:33:58.638 +07:00 [INF] : WardMate.Services.DocumentForm started successfully.
2026-10-01 10:33:58.706 +07:00 [INF] Microsoft.Hosting.Lifetime: Now listening on: http://localhost:5004
2026-10-01 10:33:58.711 +07:00 [INF] Microsoft.Hosting.Lifetime: Application started. Press Ctrl+C to shut down.
2026-10-01 10:33:58.712 +07:00 [INF] Microsoft.Hosting.Lifetime: Hosting environment: Development
2026-10-01 10:33:58.714 +07:00 [INF] Microsoft.Hosting.Lifetime: Content root path: D:\term 9\wardmate-backend\src\Services\WardMate.Services.DocumentForm\WardMate.Services.DocumentForm.API
2026-10-01 10:34:06.678 +07:00 [INF] WardMate.SharedKernel.Logging.RequestLoggingMiddleware: HTTP GET /swagger  => 301 [23ms] | IP: ::1 | TraceId: 0HNOVDJCDVI7D:00000001
2026-10-01 10:34:06.695 +07:00 [INF] Serilog.AspNetCore.RequestLoggingMiddleware: HTTP GET /swagger responded 301 in 53.265 ms
2026-10-01 10:34:06.824 +07:00 [INF] WardMate.SharedKernel.Logging.RequestLoggingMiddleware: HTTP GET /swagger/index.html  => 200 [107ms] | IP: ::1 | TraceId: 0HNOVDJCDVI7D:00000002
2026-10-01 10:34:06.832 +07:00 [INF] Serilog.AspNetCore.RequestLoggingMiddleware: HTTP GET /swagger/index.html responded 200 in 115.911 ms
2026-10-01 10:34:06.840 +07:00 [INF] WardMate.SharedKernel.Logging.RequestLoggingMiddleware: HTTP GET /swagger/index.js  => 200 [1ms] | IP: ::1 | TraceId: 0HNOVDJCDVI7I:00000001
2026-10-01 10:34:06.849 +07:00 [INF] WardMate.SharedKernel.Logging.RequestLoggingMiddleware: HTTP GET /swagger/index.css  => 200 [11ms] | IP: ::1 | TraceId: 0HNOVDJCDVI7F:00000001
2026-10-01 10:34:06.860 +07:00 [INF] Serilog.AspNetCore.RequestLoggingMiddleware: HTTP GET /swagger/index.js responded 200 in 20.581 ms
2026-10-01 10:34:06.869 +07:00 [INF] WardMate.SharedKernel.Logging.RequestLoggingMiddleware: HTTP GET /swagger/swagger-ui-standalone-preset.js  => 200 [32ms] | IP: ::1 | TraceId: 0HNOVDJCDVI7H:00000001
2026-10-01 10:34:06.869 +07:00 [INF] WardMate.SharedKernel.Logging.RequestLoggingMiddleware: HTTP GET /swagger/swagger-ui.css  => 200 [33ms] | IP: ::1 | TraceId: 0HNOVDJCDVI7E:00000001
2026-10-01 10:34:06.877 +07:00 [INF] Serilog.AspNetCore.RequestLoggingMiddleware: HTTP GET /swagger/index.css responded 200 in 40.412 ms
2026-10-01 10:34:06.891 +07:00 [INF] Serilog.AspNetCore.RequestLoggingMiddleware: HTTP GET /swagger/swagger-ui-standalone-preset.js responded 200 in 54.458 ms
2026-10-01 10:34:06.894 +07:00 [INF] WardMate.SharedKernel.Logging.RequestLoggingMiddleware: HTTP GET /swagger/swagger-ui-bundle.js  => 200 [56ms] | IP: ::1 | TraceId: 0HNOVDJCDVI7G:00000001
2026-10-01 10:34:06.897 +07:00 [INF] Serilog.AspNetCore.RequestLoggingMiddleware: HTTP GET /swagger/swagger-ui.css responded 200 in 60.500 ms
2026-10-01 10:34:06.917 +07:00 [INF] Serilog.AspNetCore.RequestLoggingMiddleware: HTTP GET /swagger/swagger-ui-bundle.js responded 200 in 79.597 ms
2026-10-01 10:34:07.024 +07:00 [INF] WardMate.SharedKernel.Logging.RequestLoggingMiddleware: HTTP GET /swagger/favicon-32x32.png  => 200 [0ms] | IP: ::1 | TraceId: 0HNOVDJCDVI7I:00000002
2026-10-01 10:34:07.032 +07:00 [INF] Serilog.AspNetCore.RequestLoggingMiddleware: HTTP GET /swagger/favicon-32x32.png responded 200 in 8.337 ms
2026-10-01 10:34:07.234 +07:00 [INF] WardMate.SharedKernel.Logging.RequestLoggingMiddleware: HTTP GET /swagger/v1/swagger.json  => 200 [227ms] | IP: ::1 | TraceId: 0HNOVDJCDVI7G:00000002
2026-10-01 10:34:07.244 +07:00 [INF] Serilog.AspNetCore.RequestLoggingMiddleware: HTTP GET /swagger/v1/swagger.json responded 200 in 236.955 ms
2026-10-01 10:36:04.558 +07:00 [INF] Serilog.AspNetCore.RequestLoggingMiddleware: HTTP GET / responded 200 in 23.947 ms
2026-10-01 10:37:13.439 +07:00 [WRN] WardMate.SharedKernel.Logging.RequestLoggingMiddleware: HTTP POST /api/v1/form-templates  => 400 [577ms] | IP: ::1 | TraceId: 0HNOVDJCDVI7G:00000004
2026-10-01 10:37:13.447 +07:00 [INF] Serilog.AspNetCore.RequestLoggingMiddleware: HTTP POST /api/v1/form-templates responded 400 in 586.069 ms
2026-10-01 10:39:07.754 +07:00 [WRN] WardMate.SharedKernel.Logging.RequestLoggingMiddleware: HTTP POST /api/v1/form-templates  => 400 [51ms] | IP: ::1 | TraceId: 0HNOVDJCDVI7G:00000005
2026-10-01 10:39:07.767 +07:00 [INF] Serilog.AspNetCore.RequestLoggingMiddleware: HTTP POST /api/v1/form-templates responded 400 in 64.791 ms
2026-10-01 10:39:12.324 +07:00 [ERR] Microsoft.EntityFrameworkCore.Database.Command: Failed executing DbCommand (19ms) [Parameters=[@p0='?' (DbType = Guid), @p1='?', @p2='?' (DbType = DateTime), @p3='?', @p4='?' (DbType = DateTime), @p5='?', @p6='?', @p7='?' (DbType = DateTime), @p8='?'], CommandType='"Text"', CommandTimeout='30']
INSERT INTO document.form_templates (id, code, created_at, created_by, deleted_at, file_docx_url, title, updated_at, updated_by)
VALUES (@p0, @p1, @p2, @p3, @p4, @p5, @p6, @p7, @p8)
RETURNING is_active, is_deleted;
2026-10-01 10:39:12.396 +07:00 [ERR] Microsoft.EntityFrameworkCore.Update: An exception occurred in the database while saving changes for context type 'WardMate.Services.DocumentForm.Infrastructure.Persistence.DocumentDbContext'.
Microsoft.EntityFrameworkCore.DbUpdateException: An error occurred while saving the entity changes. See the inner exception for details.
 ---> Npgsql.PostgresException (0x80004005): 42703: column "deleted_at" of relation "form_templates" does not exist

POSITION: 72
   at Npgsql.Internal.NpgsqlConnector.ReadMessageLong(Boolean async, DataRowLoadingMode dataRowLoadingMode, Boolean readingNotifications, Boolean isReadingPrependedMessage)
   at System.Runtime.CompilerServices.PoolingAsyncValueTaskMethodBuilder`1.StateMachineBox`1.System.Threading.Tasks.Sources.IValueTaskSource<TResult>.GetResult(Int16 token)
   at Npgsql.NpgsqlDataReader.NextResult(Boolean async, Boolean isConsuming, CancellationToken cancellationToken)
   at Npgsql.NpgsqlDataReader.NextResult(Boolean async, Boolean isConsuming, CancellationToken cancellationToken)
   at Npgsql.NpgsqlCommand.ExecuteReader(Boolean async, CommandBehavior behavior, CancellationToken cancellationToken)
   at Npgsql.NpgsqlCommand.ExecuteReader(Boolean async, CommandBehavior behavior, CancellationToken cancellationToken)
   at Npgsql.NpgsqlCommand.ExecuteDbDataReaderAsync(CommandBehavior behavior, CancellationToken cancellationToken)
   at Microsoft.EntityFrameworkCore.Storage.RelationalCommand.ExecuteReaderAsync(RelationalCommandParameterObject parameterObject, CancellationToken cancellationToken)
   at Microsoft.EntityFrameworkCore.Storage.RelationalCommand.ExecuteReaderAsync(RelationalCommandParameterObject parameterObject, CancellationToken cancellationToken)
   at Microsoft.EntityFrameworkCore.Update.ReaderModificationCommandBatch.ExecuteAsync(IRelationalConnection connection, CancellationToken cancellationToken)
  Exception data:
    Severity: ERROR
    SqlState: 42703
    MessageText: column "deleted_at" of relation "form_templates" does not exist
    Position: 72
    File: parse_target.c
    Line: 1066
    Routine: checkInsertTargets
   --- End of inner exception stack trace ---
   at Microsoft.EntityFrameworkCore.Update.ReaderModificationCommandBatch.ExecuteAsync(IRelationalConnection connection, CancellationToken cancellationToken)
   at Microsoft.EntityFrameworkCore.Update.Internal.BatchExecutor.ExecuteAsync(IEnumerable`1 commandBatches, IRelationalConnection connection, CancellationToken cancellationToken)
   at Microsoft.EntityFrameworkCore.Update.Internal.BatchExecutor.ExecuteAsync(IEnumerable`1 commandBatches, IRelationalConnection connection, CancellationToken cancellationToken)
   at Microsoft.EntityFrameworkCore.Update.Internal.BatchExecutor.ExecuteAsync(IEnumerable`1 commandBatches, IRelationalConnection connection, CancellationToken cancellationToken)
   at Microsoft.EntityFrameworkCore.ChangeTracking.Internal.StateManager.SaveChangesAsync(IList`1 entriesToSave, CancellationToken cancellationToken)
   at Microsoft.EntityFrameworkCore.ChangeTracking.Internal.StateManager.SaveChangesAsync(StateManager stateManager, Boolean acceptAllChangesOnSuccess, CancellationToken cancellationToken)
   at Npgsql.EntityFrameworkCore.PostgreSQL.Storage.Internal.NpgsqlExecutionStrategy.ExecuteAsync[TState,TResult](TState state, Func`4 operation, Func`4 verifySucceeded, CancellationToken cancellationToken)
   at Microsoft.EntityFrameworkCore.DbContext.SaveChangesAsync(Boolean acceptAllChangesOnSuccess, CancellationToken cancellationToken)
Microsoft.EntityFrameworkCore.DbUpdateException: An error occurred while saving the entity changes. See the inner exception for details.
 ---> Npgsql.PostgresException (0x80004005): 42703: column "deleted_at" of relation "form_templates" does not exist

POSITION: 72
   at Npgsql.Internal.NpgsqlConnector.ReadMessageLong(Boolean async, DataRowLoadingMode dataRowLoadingMode, Boolean readingNotifications, Boolean isReadingPrependedMessage)
   at System.Runtime.CompilerServices.PoolingAsyncValueTaskMethodBuilder`1.StateMachineBox`1.System.Threading.Tasks.Sources.IValueTaskSource<TResult>.GetResult(Int16 token)
   at Npgsql.NpgsqlDataReader.NextResult(Boolean async, Boolean isConsuming, CancellationToken cancellationToken)
   at Npgsql.NpgsqlDataReader.NextResult(Boolean async, Boolean isConsuming, CancellationToken cancellationToken)
   at Npgsql.NpgsqlCommand.ExecuteReader(Boolean async, CommandBehavior behavior, CancellationToken cancellationToken)
   at Npgsql.NpgsqlCommand.ExecuteReader(Boolean async, CommandBehavior behavior, CancellationToken cancellationToken)
   at Npgsql.NpgsqlCommand.ExecuteDbDataReaderAsync(CommandBehavior behavior, CancellationToken cancellationToken)
   at Microsoft.EntityFrameworkCore.Storage.RelationalCommand.ExecuteReaderAsync(RelationalCommandParameterObject parameterObject, CancellationToken cancellationToken)
   at Microsoft.EntityFrameworkCore.Storage.RelationalCommand.ExecuteReaderAsync(RelationalCommandParameterObject parameterObject, CancellationToken cancellationToken)
   at Microsoft.EntityFrameworkCore.Update.ReaderModificationCommandBatch.ExecuteAsync(IRelationalConnection connection, CancellationToken cancellationToken)
  Exception data:
    Severity: ERROR
    SqlState: 42703
    MessageText: column "deleted_at" of relation "form_templates" does not exist
    Position: 72
    File: parse_target.c
    Line: 1066
    Routine: checkInsertTargets
   --- End of inner exception stack trace ---
   at Microsoft.EntityFrameworkCore.Update.ReaderModificationCommandBatch.ExecuteAsync(IRelationalConnection connection, CancellationToken cancellationToken)
   at Microsoft.EntityFrameworkCore.Update.Internal.BatchExecutor.ExecuteAsync(IEnumerable`1 commandBatches, IRelationalConnection connection, CancellationToken cancellationToken)
   at Microsoft.EntityFrameworkCore.Update.Internal.BatchExecutor.ExecuteAsync(IEnumerable`1 commandBatches, IRelationalConnection connection, CancellationToken cancellationToken)
   at Microsoft.EntityFrameworkCore.Update.Internal.BatchExecutor.ExecuteAsync(IEnumerable`1 commandBatches, IRelationalConnection connection, CancellationToken cancellationToken)
   at Microsoft.EntityFrameworkCore.ChangeTracking.Internal.StateManager.SaveChangesAsync(IList`1 entriesToSave, CancellationToken cancellationToken)
   at Microsoft.EntityFrameworkCore.ChangeTracking.Internal.StateManager.SaveChangesAsync(StateManager stateManager, Boolean acceptAllChangesOnSuccess, CancellationToken cancellationToken)
   at Npgsql.EntityFrameworkCore.PostgreSQL.Storage.Internal.NpgsqlExecutionStrategy.ExecuteAsync[TState,TResult](TState state, Func`4 operation, Func`4 verifySucceeded, CancellationToken cancellationToken)
   at Microsoft.EntityFrameworkCore.DbContext.SaveChangesAsync(Boolean acceptAllChangesOnSuccess, CancellationToken cancellationToken)
2026-10-01 10:39:12.463 +07:00 [ERR] Microsoft.AspNetCore.Diagnostics.ExceptionHandlerMiddleware: An unhandled exception has occurred while executing the request.
Microsoft.EntityFrameworkCore.DbUpdateException: An error occurred while saving the entity changes. See the inner exception for details.
 ---> Npgsql.PostgresException (0x80004005): 42703: column "deleted_at" of relation "form_templates" does not exist

POSITION: 72
   at Npgsql.Internal.NpgsqlConnector.ReadMessageLong(Boolean async, DataRowLoadingMode dataRowLoadingMode, Boolean readingNotifications, Boolean isReadingPrependedMessage)
   at System.Runtime.CompilerServices.PoolingAsyncValueTaskMethodBuilder`1.StateMachineBox`1.System.Threading.Tasks.Sources.IValueTaskSource<TResult>.GetResult(Int16 token)
   at Npgsql.NpgsqlDataReader.NextResult(Boolean async, Boolean isConsuming, CancellationToken cancellationToken)
   at Npgsql.NpgsqlDataReader.NextResult(Boolean async, Boolean isConsuming, CancellationToken cancellationToken)
   at Npgsql.NpgsqlCommand.ExecuteReader(Boolean async, CommandBehavior behavior, CancellationToken cancellationToken)
   at Npgsql.NpgsqlCommand.ExecuteReader(Boolean async, CommandBehavior behavior, CancellationToken cancellationToken)
   at Npgsql.NpgsqlCommand.ExecuteDbDataReaderAsync(CommandBehavior behavior, CancellationToken cancellationToken)
   at Microsoft.EntityFrameworkCore.Storage.RelationalCommand.ExecuteReaderAsync(RelationalCommandParameterObject parameterObject, CancellationToken cancellationToken)
   at Microsoft.EntityFrameworkCore.Storage.RelationalCommand.ExecuteReaderAsync(RelationalCommandParameterObject parameterObject, CancellationToken cancellationToken)
   at Microsoft.EntityFrameworkCore.Update.ReaderModificationCommandBatch.ExecuteAsync(IRelationalConnection connection, CancellationToken cancellationToken)
  Exception data:
    Severity: ERROR
    SqlState: 42703
    MessageText: column "deleted_at" of relation "form_templates" does not exist
    Position: 72
    File: parse_target.c
    Line: 1066
    Routine: checkInsertTargets
   --- End of inner exception stack trace ---
   at Microsoft.EntityFrameworkCore.Update.ReaderModificationCommandBatch.ExecuteAsync(IRelationalConnection connection, CancellationToken cancellationToken)
   at Microsoft.EntityFrameworkCore.Update.Internal.BatchExecutor.ExecuteAsync(IEnumerable`1 commandBatches, IRelationalConnection connection, CancellationToken cancellationToken)
   at Microsoft.EntityFrameworkCore.Update.Internal.BatchExecutor.ExecuteAsync(IEnumerable`1 commandBatches, IRelationalConnection connection, CancellationToken cancellationToken)
   at Microsoft.EntityFrameworkCore.Update.Internal.BatchExecutor.ExecuteAsync(IEnumerable`1 commandBatches, IRelationalConnection connection, CancellationToken cancellationToken)
   at Microsoft.EntityFrameworkCore.ChangeTracking.Internal.StateManager.SaveChangesAsync(IList`1 entriesToSave, CancellationToken cancellationToken)
   at Microsoft.EntityFrameworkCore.ChangeTracking.Internal.StateManager.SaveChangesAsync(StateManager stateManager, Boolean acceptAllChangesOnSuccess, CancellationToken cancellationToken)
   at Npgsql.EntityFrameworkCore.PostgreSQL.Storage.Internal.NpgsqlExecutionStrategy.ExecuteAsync[TState,TResult](TState state, Func`4 operation, Func`4 verifySucceeded, CancellationToken cancellationToken)
   at Microsoft.EntityFrameworkCore.DbContext.SaveChangesAsync(Boolean acceptAllChangesOnSuccess, CancellationToken cancellationToken)
   at Microsoft.EntityFrameworkCore.DbContext.SaveChangesAsync(Boolean acceptAllChangesOnSuccess, CancellationToken cancellationToken)
   at WardMate.Services.DocumentForm.Application.Commands.CreateFormTemplateCommandHandler.Handle(CreateFormTemplateCommand request, CancellationToken cancellationToken) in D:\term 9\wardmate-backend\src\Services\WardMate.Services.DocumentForm\WardMate.Services.DocumentForm.Application\Commands\CreateFormTemplateCommand.cs:line 54
   at WardMate.Services.DocumentForm.API.Controllers.FormTemplatesController.Create(CreateFormTemplateRequest request, CancellationToken cancellationToken) in D:\term 9\wardmate-backend\src\Services\WardMate.Services.DocumentForm\WardMate.Services.DocumentForm.API\Controllers\FormTemplatesController.cs:line 75
   at Microsoft.AspNetCore.Mvc.Infrastructure.ActionMethodExecutor.TaskOfIActionResultExecutor.Execute(ActionContext actionContext, IActionResultTypeMapper mapper, ObjectMethodExecutor executor, Object controller, Object[] arguments)
   at Microsoft.AspNetCore.Mvc.Infrastructure.ControllerActionInvoker.<InvokeActionMethodAsync>g__Awaited|12_0(ControllerActionInvoker invoker, ValueTask`1 actionResultValueTask)
   at Microsoft.AspNetCore.Mvc.Infrastructure.ControllerActionInvoker.<InvokeNextActionFilterAsync>g__Awaited|10_0(ControllerActionInvoker invoker, Task lastTask, State next, Scope scope, Object state, Boolean isCompleted)
   at Microsoft.AspNetCore.Mvc.Infrastructure.ControllerActionInvoker.Rethrow(ActionExecutedContextSealed context)
   at Microsoft.AspNetCore.Mvc.Infrastructure.ControllerActionInvoker.Next(State& next, Scope& scope, Object& state, Boolean& isCompleted)
   at Microsoft.AspNetCore.Mvc.Infrastructure.ControllerActionInvoker.<InvokeInnerFilterAsync>g__Awaited|13_0(ControllerActionInvoker invoker, Task lastTask, State next, Scope scope, Object state, Boolean isCompleted)
   at Microsoft.AspNetCore.Mvc.Infrastructure.ResourceInvoker.<InvokeFilterPipelineAsync>g__Awaited|20_0(ResourceInvoker invoker, Task lastTask, State next, Scope scope, Object state, Boolean isCompleted)
   at Microsoft.AspNetCore.Mvc.Infrastructure.ResourceInvoker.<InvokeAsync>g__Awaited|17_0(ResourceInvoker invoker, Task task, IDisposable scope)
   at Microsoft.AspNetCore.Mvc.Infrastructure.ResourceInvoker.<InvokeAsync>g__Awaited|17_0(ResourceInvoker invoker, Task task, IDisposable scope)
   at Swashbuckle.AspNetCore.SwaggerUI.SwaggerUIMiddleware.Invoke(HttpContext httpContext)
   at Swashbuckle.AspNetCore.Swagger.SwaggerMiddleware.Invoke(HttpContext httpContext, ISwaggerProvider swaggerProvider)
   at Microsoft.AspNetCore.Diagnostics.StatusCodePagesMiddleware.Invoke(HttpContext context)
   at Microsoft.AspNetCore.Diagnostics.ExceptionHandlerMiddlewareImpl.<Invoke>g__Awaited|10_0(ExceptionHandlerMiddlewareImpl middleware, HttpContext context, Task task)
2026-10-01 10:39:12.559 +07:00 [ERR] WardMate.SharedKernel.Web.GlobalExceptionHandler: Unhandled request exception. TraceId: 00-81ceb3cc259cefdd497ca3f0a0bd74bb-7bee793ad469e96c-00
Microsoft.EntityFrameworkCore.DbUpdateException: An error occurred while saving the entity changes. See the inner exception for details.
 ---> Npgsql.PostgresException (0x80004005): 42703: column "deleted_at" of relation "form_templates" does not exist

POSITION: 72
   at Npgsql.Internal.NpgsqlConnector.ReadMessageLong(Boolean async, DataRowLoadingMode dataRowLoadingMode, Boolean readingNotifications, Boolean isReadingPrependedMessage)
   at System.Runtime.CompilerServices.PoolingAsyncValueTaskMethodBuilder`1.StateMachineBox`1.System.Threading.Tasks.Sources.IValueTaskSource<TResult>.GetResult(Int16 token)
   at Npgsql.NpgsqlDataReader.NextResult(Boolean async, Boolean isConsuming, CancellationToken cancellationToken)
   at Npgsql.NpgsqlDataReader.NextResult(Boolean async, Boolean isConsuming, CancellationToken cancellationToken)
   at Npgsql.NpgsqlCommand.ExecuteReader(Boolean async, CommandBehavior behavior, CancellationToken cancellationToken)
   at Npgsql.NpgsqlCommand.ExecuteReader(Boolean async, CommandBehavior behavior, CancellationToken cancellationToken)
   at Npgsql.NpgsqlCommand.ExecuteDbDataReaderAsync(CommandBehavior behavior, CancellationToken cancellationToken)
   at Microsoft.EntityFrameworkCore.Storage.RelationalCommand.ExecuteReaderAsync(RelationalCommandParameterObject parameterObject, CancellationToken cancellationToken)
   at Microsoft.EntityFrameworkCore.Storage.RelationalCommand.ExecuteReaderAsync(RelationalCommandParameterObject parameterObject, CancellationToken cancellationToken)
   at Microsoft.EntityFrameworkCore.Update.ReaderModificationCommandBatch.ExecuteAsync(IRelationalConnection connection, CancellationToken cancellationToken)
  Exception data:
    Severity: ERROR
    SqlState: 42703
    MessageText: column "deleted_at" of relation "form_templates" does not exist
    Position: 72
    File: parse_target.c
    Line: 1066
    Routine: checkInsertTargets
   --- End of inner exception stack trace ---
   at Microsoft.EntityFrameworkCore.Update.ReaderModificationCommandBatch.ExecuteAsync(IRelationalConnection connection, CancellationToken cancellationToken)
   at Microsoft.EntityFrameworkCore.Update.Internal.BatchExecutor.ExecuteAsync(IEnumerable`1 commandBatches, IRelationalConnection connection, CancellationToken cancellationToken)
   at Microsoft.EntityFrameworkCore.Update.Internal.BatchExecutor.ExecuteAsync(IEnumerable`1 commandBatches, IRelationalConnection connection, CancellationToken cancellationToken)
   at Microsoft.EntityFrameworkCore.Update.Internal.BatchExecutor.ExecuteAsync(IEnumerable`1 commandBatches, IRelationalConnection connection, CancellationToken cancellationToken)
   at Microsoft.EntityFrameworkCore.ChangeTracking.Internal.StateManager.SaveChangesAsync(IList`1 entriesToSave, CancellationToken cancellationToken)
   at Microsoft.EntityFrameworkCore.ChangeTracking.Internal.StateManager.SaveChangesAsync(StateManager stateManager, Boolean acceptAllChangesOnSuccess, CancellationToken cancellationToken)
   at Npgsql.EntityFrameworkCore.PostgreSQL.Storage.Internal.NpgsqlExecutionStrategy.ExecuteAsync[TState,TResult](TState state, Func`4 operation, Func`4 verifySucceeded, CancellationToken cancellationToken)
   at Microsoft.EntityFrameworkCore.DbContext.SaveChangesAsync(Boolean acceptAllChangesOnSuccess, CancellationToken cancellationToken)
   at Microsoft.EntityFrameworkCore.DbContext.SaveChangesAsync(Boolean acceptAllChangesOnSuccess, CancellationToken cancellationToken)
   at WardMate.Services.DocumentForm.Application.Commands.CreateFormTemplateCommandHandler.Handle(CreateFormTemplateCommand request, CancellationToken cancellationToken) in D:\term 9\wardmate-backend\src\Services\WardMate.Services.DocumentForm\WardMate.Services.DocumentForm.Application\Commands\CreateFormTemplateCommand.cs:line 54
   at WardMate.Services.DocumentForm.API.Controllers.FormTemplatesController.Create(CreateFormTemplateRequest request, CancellationToken cancellationToken) in D:\term 9\wardmate-backend\src\Services\WardMate.Services.DocumentForm\WardMate.Services.DocumentForm.API\Controllers\FormTemplatesController.cs:line 75
   at Microsoft.AspNetCore.Mvc.Infrastructure.ActionMethodExecutor.TaskOfIActionResultExecutor.Execute(ActionContext actionContext, IActionResultTypeMapper mapper, ObjectMethodExecutor executor, Object controller, Object[] arguments)
   at Microsoft.AspNetCore.Mvc.Infrastructure.ControllerActionInvoker.<InvokeActionMethodAsync>g__Awaited|12_0(ControllerActionInvoker invoker, ValueTask`1 actionResultValueTask)
   at Microsoft.AspNetCore.Mvc.Infrastructure.ControllerActionInvoker.<InvokeNextActionFilterAsync>g__Awaited|10_0(ControllerActionInvoker invoker, Task lastTask, State next, Scope scope, Object state, Boolean isCompleted)
   at Microsoft.AspNetCore.Mvc.Infrastructure.ControllerActionInvoker.Rethrow(ActionExecutedContextSealed context)
   at Microsoft.AspNetCore.Mvc.Infrastructure.ControllerActionInvoker.Next(State& next, Scope& scope, Object& state, Boolean& isCompleted)
   at Microsoft.AspNetCore.Mvc.Infrastructure.ControllerActionInvoker.<InvokeInnerFilterAsync>g__Awaited|13_0(ControllerActionInvoker invoker, Task lastTask, State next, Scope scope, Object state, Boolean isCompleted)
   at Microsoft.AspNetCore.Mvc.Infrastructure.ResourceInvoker.<InvokeFilterPipelineAsync>g__Awaited|20_0(ResourceInvoker invoker, Task lastTask, State next, Scope scope, Object state, Boolean isCompleted)
   at Microsoft.AspNetCore.Mvc.Infrastructure.ResourceInvoker.<InvokeAsync>g__Awaited|17_0(ResourceInvoker invoker, Task task, IDisposable scope)
   at Microsoft.AspNetCore.Mvc.Infrastructure.ResourceInvoker.<InvokeAsync>g__Awaited|17_0(ResourceInvoker invoker, Task task, IDisposable scope)
   at Swashbuckle.AspNetCore.SwaggerUI.SwaggerUIMiddleware.Invoke(HttpContext httpContext)
   at Swashbuckle.AspNetCore.Swagger.SwaggerMiddleware.Invoke(HttpContext httpContext, ISwaggerProvider swaggerProvider)
   at Microsoft.AspNetCore.Diagnostics.StatusCodePagesMiddleware.Invoke(HttpContext context)
   at Microsoft.AspNetCore.Diagnostics.ExceptionHandlerMiddlewareImpl.<Invoke>g__Awaited|10_0(ExceptionHandlerMiddlewareImpl middleware, HttpContext context, Task task)
2026-10-01 10:39:12.614 +07:00 [ERR] WardMate.SharedKernel.Logging.RequestLoggingMiddleware: HTTP POST /api/v1/form-templates  => 500 [691ms] | IP: ::1 | TraceId: 0HNOVDJCDVI7G:00000006
2026-10-01 10:39:12.622 +07:00 [ERR] Serilog.AspNetCore.RequestLoggingMiddleware: HTTP POST /api/v1/form-templates responded 500 in 699.659 ms
2026-10-01 10:40:15.210 +07:00 [ERR] Microsoft.EntityFrameworkCore.Database.Command: Failed executing DbCommand (2ms) [Parameters=[@p0='?' (DbType = Guid), @p1='?', @p2='?' (DbType = DateTime), @p3='?', @p4='?' (DbType = DateTime), @p5='?', @p6='?', @p7='?' (DbType = DateTime), @p8='?'], CommandType='"Text"', CommandTimeout='30']
INSERT INTO document.form_templates (id, code, created_at, created_by, deleted_at, file_docx_url, title, updated_at, updated_by)
VALUES (@p0, @p1, @p2, @p3, @p4, @p5, @p6, @p7, @p8)
RETURNING is_active, is_deleted;
2026-10-01 10:40:15.226 +07:00 [ERR] Microsoft.EntityFrameworkCore.Update: An exception occurred in the database while saving changes for context type 'WardMate.Services.DocumentForm.Infrastructure.Persistence.DocumentDbContext'.
Microsoft.EntityFrameworkCore.DbUpdateException: An error occurred while saving the entity changes. See the inner exception for details.
 ---> Npgsql.PostgresException (0x80004005): 42703: column "deleted_at" of relation "form_templates" does not exist

POSITION: 72
   at Npgsql.Internal.NpgsqlConnector.ReadMessageLong(Boolean async, DataRowLoadingMode dataRowLoadingMode, Boolean readingNotifications, Boolean isReadingPrependedMessage)
   at System.Runtime.CompilerServices.PoolingAsyncValueTaskMethodBuilder`1.StateMachineBox`1.System.Threading.Tasks.Sources.IValueTaskSource<TResult>.GetResult(Int16 token)
   at Npgsql.NpgsqlDataReader.NextResult(Boolean async, Boolean isConsuming, CancellationToken cancellationToken)
   at Npgsql.NpgsqlDataReader.NextResult(Boolean async, Boolean isConsuming, CancellationToken cancellationToken)
   at Npgsql.NpgsqlCommand.ExecuteReader(Boolean async, CommandBehavior behavior, CancellationToken cancellationToken)
   at Npgsql.NpgsqlCommand.ExecuteReader(Boolean async, CommandBehavior behavior, CancellationToken cancellationToken)
   at Npgsql.NpgsqlCommand.ExecuteDbDataReaderAsync(CommandBehavior behavior, CancellationToken cancellationToken)
   at Microsoft.EntityFrameworkCore.Storage.RelationalCommand.ExecuteReaderAsync(RelationalCommandParameterObject parameterObject, CancellationToken cancellationToken)
   at Microsoft.EntityFrameworkCore.Storage.RelationalCommand.ExecuteReaderAsync(RelationalCommandParameterObject parameterObject, CancellationToken cancellationToken)
   at Microsoft.EntityFrameworkCore.Update.ReaderModificationCommandBatch.ExecuteAsync(IRelationalConnection connection, CancellationToken cancellationToken)
  Exception data:
    Severity: ERROR
    SqlState: 42703
    MessageText: column "deleted_at" of relation "form_templates" does not exist
    Position: 72
    File: parse_target.c
    Line: 1066
    Routine: checkInsertTargets
   --- End of inner exception stack trace ---
   at Microsoft.EntityFrameworkCore.Update.ReaderModificationCommandBatch.ExecuteAsync(IRelationalConnection connection, CancellationToken cancellationToken)
   at Microsoft.EntityFrameworkCore.Update.Internal.BatchExecutor.ExecuteAsync(IEnumerable`1 commandBatches, IRelationalConnection connection, CancellationToken cancellationToken)
   at Microsoft.EntityFrameworkCore.Update.Internal.BatchExecutor.ExecuteAsync(IEnumerable`1 commandBatches, IRelationalConnection connection, CancellationToken cancellationToken)
   at Microsoft.EntityFrameworkCore.Update.Internal.BatchExecutor.ExecuteAsync(IEnumerable`1 commandBatches, IRelationalConnection connection, CancellationToken cancellationToken)
   at Microsoft.EntityFrameworkCore.ChangeTracking.Internal.StateManager.SaveChangesAsync(IList`1 entriesToSave, CancellationToken cancellationToken)
   at Microsoft.EntityFrameworkCore.ChangeTracking.Internal.StateManager.SaveChangesAsync(StateManager stateManager, Boolean acceptAllChangesOnSuccess, CancellationToken cancellationToken)
   at Npgsql.EntityFrameworkCore.PostgreSQL.Storage.Internal.NpgsqlExecutionStrategy.ExecuteAsync[TState,TResult](TState state, Func`4 operation, Func`4 verifySucceeded, CancellationToken cancellationToken)
   at Microsoft.EntityFrameworkCore.DbContext.SaveChangesAsync(Boolean acceptAllChangesOnSuccess, CancellationToken cancellationToken)
Microsoft.EntityFrameworkCore.DbUpdateException: An error occurred while saving the entity changes. See the inner exception for details.
 ---> Npgsql.PostgresException (0x80004005): 42703: column "deleted_at" of relation "form_templates" does not exist

POSITION: 72
   at Npgsql.Internal.NpgsqlConnector.ReadMessageLong(Boolean async, DataRowLoadingMode dataRowLoadingMode, Boolean readingNotifications, Boolean isReadingPrependedMessage)
   at System.Runtime.CompilerServices.PoolingAsyncValueTaskMethodBuilder`1.StateMachineBox`1.System.Threading.Tasks.Sources.IValueTaskSource<TResult>.GetResult(Int16 token)
   at Npgsql.NpgsqlDataReader.NextResult(Boolean async, Boolean isConsuming, CancellationToken cancellationToken)
   at Npgsql.NpgsqlDataReader.NextResult(Boolean async, Boolean isConsuming, CancellationToken cancellationToken)
   at Npgsql.NpgsqlCommand.ExecuteReader(Boolean async, CommandBehavior behavior, CancellationToken cancellationToken)
   at Npgsql.NpgsqlCommand.ExecuteReader(Boolean async, CommandBehavior behavior, CancellationToken cancellationToken)
   at Npgsql.NpgsqlCommand.ExecuteDbDataReaderAsync(CommandBehavior behavior, CancellationToken cancellationToken)
   at Microsoft.EntityFrameworkCore.Storage.RelationalCommand.ExecuteReaderAsync(RelationalCommandParameterObject parameterObject, CancellationToken cancellationToken)
   at Microsoft.EntityFrameworkCore.Storage.RelationalCommand.ExecuteReaderAsync(RelationalCommandParameterObject parameterObject, CancellationToken cancellationToken)
   at Microsoft.EntityFrameworkCore.Update.ReaderModificationCommandBatch.ExecuteAsync(IRelationalConnection connection, CancellationToken cancellationToken)
  Exception data:
    Severity: ERROR
    SqlState: 42703
    MessageText: column "deleted_at" of relation "form_templates" does not exist
    Position: 72
    File: parse_target.c
    Line: 1066
    Routine: checkInsertTargets
   --- End of inner exception stack trace ---
   at Microsoft.EntityFrameworkCore.Update.ReaderModificationCommandBatch.ExecuteAsync(IRelationalConnection connection, CancellationToken cancellationToken)
   at Microsoft.EntityFrameworkCore.Update.Internal.BatchExecutor.ExecuteAsync(IEnumerable`1 commandBatches, IRelationalConnection connection, CancellationToken cancellationToken)
   at Microsoft.EntityFrameworkCore.Update.Internal.BatchExecutor.ExecuteAsync(IEnumerable`1 commandBatches, IRelationalConnection connection, CancellationToken cancellationToken)
   at Microsoft.EntityFrameworkCore.Update.Internal.BatchExecutor.ExecuteAsync(IEnumerable`1 commandBatches, IRelationalConnection connection, CancellationToken cancellationToken)
   at Microsoft.EntityFrameworkCore.ChangeTracking.Internal.StateManager.SaveChangesAsync(IList`1 entriesToSave, CancellationToken cancellationToken)
   at Microsoft.EntityFrameworkCore.ChangeTracking.Internal.StateManager.SaveChangesAsync(StateManager stateManager, Boolean acceptAllChangesOnSuccess, CancellationToken cancellationToken)
   at Npgsql.EntityFrameworkCore.PostgreSQL.Storage.Internal.NpgsqlExecutionStrategy.ExecuteAsync[TState,TResult](TState state, Func`4 operation, Func`4 verifySucceeded, CancellationToken cancellationToken)
   at Microsoft.EntityFrameworkCore.DbContext.SaveChangesAsync(Boolean acceptAllChangesOnSuccess, CancellationToken cancellationToken)
2026-10-01 10:40:15.273 +07:00 [ERR] Microsoft.AspNetCore.Diagnostics.ExceptionHandlerMiddleware: An unhandled exception has occurred while executing the request.
Microsoft.EntityFrameworkCore.DbUpdateException: An error occurred while saving the entity changes. See the inner exception for details.
 ---> Npgsql.PostgresException (0x80004005): 42703: column "deleted_at" of relation "form_templates" does not exist

POSITION: 72
   at Npgsql.Internal.NpgsqlConnector.ReadMessageLong(Boolean async, DataRowLoadingMode dataRowLoadingMode, Boolean readingNotifications, Boolean isReadingPrependedMessage)
   at System.Runtime.CompilerServices.PoolingAsyncValueTaskMethodBuilder`1.StateMachineBox`1.System.Threading.Tasks.Sources.IValueTaskSource<TResult>.GetResult(Int16 token)
   at Npgsql.NpgsqlDataReader.NextResult(Boolean async, Boolean isConsuming, CancellationToken cancellationToken)
   at Npgsql.NpgsqlDataReader.NextResult(Boolean async, Boolean isConsuming, CancellationToken cancellationToken)
   at Npgsql.NpgsqlCommand.ExecuteReader(Boolean async, CommandBehavior behavior, CancellationToken cancellationToken)
   at Npgsql.NpgsqlCommand.ExecuteReader(Boolean async, CommandBehavior behavior, CancellationToken cancellationToken)
   at Npgsql.NpgsqlCommand.ExecuteDbDataReaderAsync(CommandBehavior behavior, CancellationToken cancellationToken)
   at Microsoft.EntityFrameworkCore.Storage.RelationalCommand.ExecuteReaderAsync(RelationalCommandParameterObject parameterObject, CancellationToken cancellationToken)
   at Microsoft.EntityFrameworkCore.Storage.RelationalCommand.ExecuteReaderAsync(RelationalCommandParameterObject parameterObject, CancellationToken cancellationToken)
   at Microsoft.EntityFrameworkCore.Update.ReaderModificationCommandBatch.ExecuteAsync(IRelationalConnection connection, CancellationToken cancellationToken)
  Exception data:
    Severity: ERROR
    SqlState: 42703
    MessageText: column "deleted_at" of relation "form_templates" does not exist
    Position: 72
    File: parse_target.c
    Line: 1066
    Routine: checkInsertTargets
   --- End of inner exception stack trace ---
   at Microsoft.EntityFrameworkCore.Update.ReaderModificationCommandBatch.ExecuteAsync(IRelationalConnection connection, CancellationToken cancellationToken)
   at Microsoft.EntityFrameworkCore.Update.Internal.BatchExecutor.ExecuteAsync(IEnumerable`1 commandBatches, IRelationalConnection connection, CancellationToken cancellationToken)
   at Microsoft.EntityFrameworkCore.Update.Internal.BatchExecutor.ExecuteAsync(IEnumerable`1 commandBatches, IRelationalConnection connection, CancellationToken cancellationToken)
   at Microsoft.EntityFrameworkCore.Update.Internal.BatchExecutor.ExecuteAsync(IEnumerable`1 commandBatches, IRelationalConnection connection, CancellationToken cancellationToken)
   at Microsoft.EntityFrameworkCore.ChangeTracking.Internal.StateManager.SaveChangesAsync(IList`1 entriesToSave, CancellationToken cancellationToken)
   at Microsoft.EntityFrameworkCore.ChangeTracking.Internal.StateManager.SaveChangesAsync(StateManager stateManager, Boolean acceptAllChangesOnSuccess, CancellationToken cancellationToken)
   at Npgsql.EntityFrameworkCore.PostgreSQL.Storage.Internal.NpgsqlExecutionStrategy.ExecuteAsync[TState,TResult](TState state, Func`4 operation, Func`4 verifySucceeded, CancellationToken cancellationToken)
   at Microsoft.EntityFrameworkCore.DbContext.SaveChangesAsync(Boolean acceptAllChangesOnSuccess, CancellationToken cancellationToken)
   at Microsoft.EntityFrameworkCore.DbContext.SaveChangesAsync(Boolean acceptAllChangesOnSuccess, CancellationToken cancellationToken)
   at WardMate.Services.DocumentForm.Application.Commands.CreateFormTemplateCommandHandler.Handle(CreateFormTemplateCommand request, CancellationToken cancellationToken) in D:\term 9\wardmate-backend\src\Services\WardMate.Services.DocumentForm\WardMate.Services.DocumentForm.Application\Commands\CreateFormTemplateCommand.cs:line 54
   at WardMate.Services.DocumentForm.API.Controllers.FormTemplatesController.Create(CreateFormTemplateRequest request, CancellationToken cancellationToken) in D:\term 9\wardmate-backend\src\Services\WardMate.Services.DocumentForm\WardMate.Services.DocumentForm.API\Controllers\FormTemplatesController.cs:line 75
   at Microsoft.AspNetCore.Mvc.Infrastructure.ActionMethodExecutor.TaskOfIActionResultExecutor.Execute(ActionContext actionContext, IActionResultTypeMapper mapper, ObjectMethodExecutor executor, Object controller, Object[] arguments)
   at Microsoft.AspNetCore.Mvc.Infrastructure.ControllerActionInvoker.<InvokeActionMethodAsync>g__Awaited|12_0(ControllerActionInvoker invoker, ValueTask`1 actionResultValueTask)
   at Microsoft.AspNetCore.Mvc.Infrastructure.ControllerActionInvoker.<InvokeNextActionFilterAsync>g__Awaited|10_0(ControllerActionInvoker invoker, Task lastTask, State next, Scope scope, Object state, Boolean isCompleted)
   at Microsoft.AspNetCore.Mvc.Infrastructure.ControllerActionInvoker.Rethrow(ActionExecutedContextSealed context)
   at Microsoft.AspNetCore.Mvc.Infrastructure.ControllerActionInvoker.Next(State& next, Scope& scope, Object& state, Boolean& isCompleted)
   at Microsoft.AspNetCore.Mvc.Infrastructure.ControllerActionInvoker.<InvokeInnerFilterAsync>g__Awaited|13_0(ControllerActionInvoker invoker, Task lastTask, State next, Scope scope, Object state, Boolean isCompleted)
   at Microsoft.AspNetCore.Mvc.Infrastructure.ResourceInvoker.<InvokeFilterPipelineAsync>g__Awaited|20_0(ResourceInvoker invoker, Task lastTask, State next, Scope scope, Object state, Boolean isCompleted)
   at Microsoft.AspNetCore.Mvc.Infrastructure.ResourceInvoker.<InvokeAsync>g__Awaited|17_0(ResourceInvoker invoker, Task task, IDisposable scope)
   at Microsoft.AspNetCore.Mvc.Infrastructure.ResourceInvoker.<InvokeAsync>g__Awaited|17_0(ResourceInvoker invoker, Task task, IDisposable scope)
   at Swashbuckle.AspNetCore.SwaggerUI.SwaggerUIMiddleware.Invoke(HttpContext httpContext)
   at Swashbuckle.AspNetCore.Swagger.SwaggerMiddleware.Invoke(HttpContext httpContext, ISwaggerProvider swaggerProvider)
   at Microsoft.AspNetCore.Diagnostics.StatusCodePagesMiddleware.Invoke(HttpContext context)
   at Microsoft.AspNetCore.Diagnostics.ExceptionHandlerMiddlewareImpl.<Invoke>g__Awaited|10_0(ExceptionHandlerMiddlewareImpl middleware, HttpContext context, Task task)
2026-10-01 10:40:15.328 +07:00 [ERR] WardMate.SharedKernel.Web.GlobalExceptionHandler: Unhandled request exception. TraceId: 00-78205c406986868d3c7f293e40b07d0b-e297848977448a79-00
Microsoft.EntityFrameworkCore.DbUpdateException: An error occurred while saving the entity changes. See the inner exception for details.
 ---> Npgsql.PostgresException (0x80004005): 42703: column "deleted_at" of relation "form_templates" does not exist

POSITION: 72
   at Npgsql.Internal.NpgsqlConnector.ReadMessageLong(Boolean async, DataRowLoadingMode dataRowLoadingMode, Boolean readingNotifications, Boolean isReadingPrependedMessage)
   at System.Runtime.CompilerServices.PoolingAsyncValueTaskMethodBuilder`1.StateMachineBox`1.System.Threading.Tasks.Sources.IValueTaskSource<TResult>.GetResult(Int16 token)
   at Npgsql.NpgsqlDataReader.NextResult(Boolean async, Boolean isConsuming, CancellationToken cancellationToken)
   at Npgsql.NpgsqlDataReader.NextResult(Boolean async, Boolean isConsuming, CancellationToken cancellationToken)
   at Npgsql.NpgsqlCommand.ExecuteReader(Boolean async, CommandBehavior behavior, CancellationToken cancellationToken)
   at Npgsql.NpgsqlCommand.ExecuteReader(Boolean async, CommandBehavior behavior, CancellationToken cancellationToken)
   at Npgsql.NpgsqlCommand.ExecuteDbDataReaderAsync(CommandBehavior behavior, CancellationToken cancellationToken)
   at Microsoft.EntityFrameworkCore.Storage.RelationalCommand.ExecuteReaderAsync(RelationalCommandParameterObject parameterObject, CancellationToken cancellationToken)
   at Microsoft.EntityFrameworkCore.Storage.RelationalCommand.ExecuteReaderAsync(RelationalCommandParameterObject parameterObject, CancellationToken cancellationToken)
   at Microsoft.EntityFrameworkCore.Update.ReaderModificationCommandBatch.ExecuteAsync(IRelationalConnection connection, CancellationToken cancellationToken)
  Exception data:
    Severity: ERROR
    SqlState: 42703
    MessageText: column "deleted_at" of relation "form_templates" does not exist
    Position: 72
    File: parse_target.c
    Line: 1066
    Routine: checkInsertTargets
   --- End of inner exception stack trace ---
   at Microsoft.EntityFrameworkCore.Update.ReaderModificationCommandBatch.ExecuteAsync(IRelationalConnection connection, CancellationToken cancellationToken)
   at Microsoft.EntityFrameworkCore.Update.Internal.BatchExecutor.ExecuteAsync(IEnumerable`1 commandBatches, IRelationalConnection connection, CancellationToken cancellationToken)
   at Microsoft.EntityFrameworkCore.Update.Internal.BatchExecutor.ExecuteAsync(IEnumerable`1 commandBatches, IRelationalConnection connection, CancellationToken cancellationToken)
   at Microsoft.EntityFrameworkCore.Update.Internal.BatchExecutor.ExecuteAsync(IEnumerable`1 commandBatches, IRelationalConnection connection, CancellationToken cancellationToken)
   at Microsoft.EntityFrameworkCore.ChangeTracking.Internal.StateManager.SaveChangesAsync(IList`1 entriesToSave, CancellationToken cancellationToken)
   at Microsoft.EntityFrameworkCore.ChangeTracking.Internal.StateManager.SaveChangesAsync(StateManager stateManager, Boolean acceptAllChangesOnSuccess, CancellationToken cancellationToken)
   at Npgsql.EntityFrameworkCore.PostgreSQL.Storage.Internal.NpgsqlExecutionStrategy.ExecuteAsync[TState,TResult](TState state, Func`4 operation, Func`4 verifySucceeded, CancellationToken cancellationToken)
   at Microsoft.EntityFrameworkCore.DbContext.SaveChangesAsync(Boolean acceptAllChangesOnSuccess, CancellationToken cancellationToken)
   at Microsoft.EntityFrameworkCore.DbContext.SaveChangesAsync(Boolean acceptAllChangesOnSuccess, CancellationToken cancellationToken)
   at WardMate.Services.DocumentForm.Application.Commands.CreateFormTemplateCommandHandler.Handle(CreateFormTemplateCommand request, CancellationToken cancellationToken) in D:\term 9\wardmate-backend\src\Services\WardMate.Services.DocumentForm\WardMate.Services.DocumentForm.Application\Commands\CreateFormTemplateCommand.cs:line 54
   at WardMate.Services.DocumentForm.API.Controllers.FormTemplatesController.Create(CreateFormTemplateRequest request, CancellationToken cancellationToken) in D:\term 9\wardmate-backend\src\Services\WardMate.Services.DocumentForm\WardMate.Services.DocumentForm.API\Controllers\FormTemplatesController.cs:line 75
   at Microsoft.AspNetCore.Mvc.Infrastructure.ActionMethodExecutor.TaskOfIActionResultExecutor.Execute(ActionContext actionContext, IActionResultTypeMapper mapper, ObjectMethodExecutor executor, Object controller, Object[] arguments)
   at Microsoft.AspNetCore.Mvc.Infrastructure.ControllerActionInvoker.<InvokeActionMethodAsync>g__Awaited|12_0(ControllerActionInvoker invoker, ValueTask`1 actionResultValueTask)
   at Microsoft.AspNetCore.Mvc.Infrastructure.ControllerActionInvoker.<InvokeNextActionFilterAsync>g__Awaited|10_0(ControllerActionInvoker invoker, Task lastTask, State next, Scope scope, Object state, Boolean isCompleted)
   at Microsoft.AspNetCore.Mvc.Infrastructure.ControllerActionInvoker.Rethrow(ActionExecutedContextSealed context)
   at Microsoft.AspNetCore.Mvc.Infrastructure.ControllerActionInvoker.Next(State& next, Scope& scope, Object& state, Boolean& isCompleted)
   at Microsoft.AspNetCore.Mvc.Infrastructure.ControllerActionInvoker.<InvokeInnerFilterAsync>g__Awaited|13_0(ControllerActionInvoker invoker, Task lastTask, State next, Scope scope, Object state, Boolean isCompleted)
   at Microsoft.AspNetCore.Mvc.Infrastructure.ResourceInvoker.<InvokeFilterPipelineAsync>g__Awaited|20_0(ResourceInvoker invoker, Task lastTask, State next, Scope scope, Object state, Boolean isCompleted)
   at Microsoft.AspNetCore.Mvc.Infrastructure.ResourceInvoker.<InvokeAsync>g__Awaited|17_0(ResourceInvoker invoker, Task task, IDisposable scope)
   at Microsoft.AspNetCore.Mvc.Infrastructure.ResourceInvoker.<InvokeAsync>g__Awaited|17_0(ResourceInvoker invoker, Task task, IDisposable scope)
   at Swashbuckle.AspNetCore.SwaggerUI.SwaggerUIMiddleware.Invoke(HttpContext httpContext)
   at Swashbuckle.AspNetCore.Swagger.SwaggerMiddleware.Invoke(HttpContext httpContext, ISwaggerProvider swaggerProvider)
   at Microsoft.AspNetCore.Diagnostics.StatusCodePagesMiddleware.Invoke(HttpContext context)
   at Microsoft.AspNetCore.Diagnostics.ExceptionHandlerMiddlewareImpl.<Invoke>g__Awaited|10_0(ExceptionHandlerMiddlewareImpl middleware, HttpContext context, Task task)
2026-10-01 10:40:15.392 +07:00 [ERR] WardMate.SharedKernel.Logging.RequestLoggingMiddleware: HTTP POST /api/v1/form-templates  => 500 [195ms] | IP: ::1 | TraceId: 0HNOVDJCDVI7G:00000007
2026-10-01 10:40:15.400 +07:00 [ERR] Serilog.AspNetCore.RequestLoggingMiddleware: HTTP POST /api/v1/form-templates responded 500 in 203.764 ms
2026-10-01 10:50:23.082 +07:00 [INF] : WardMate.Services.DocumentForm started successfully.
2026-10-01 10:50:23.135 +07:00 [INF] Microsoft.Hosting.Lifetime: Now listening on: http://localhost:5004
2026-10-01 10:50:23.140 +07:00 [INF] Microsoft.Hosting.Lifetime: Application started. Press Ctrl+C to shut down.
2026-10-01 10:50:23.141 +07:00 [INF] Microsoft.Hosting.Lifetime: Hosting environment: Development
2026-10-01 10:50:23.143 +07:00 [INF] Microsoft.Hosting.Lifetime: Content root path: D:\term 9\wardmate-backend\src\Services\WardMate.Services.DocumentForm\WardMate.Services.DocumentForm.API
2026-10-01 10:50:27.387 +07:00 [INF] WardMate.SharedKernel.Logging.RequestLoggingMiddleware: HTTP GET /swagger/index.html  => 200 [115ms] | IP: ::1 | TraceId: 0HNOVDSGM3I4C:00000001
2026-10-01 10:50:27.393 +07:00 [INF] WardMate.SharedKernel.Logging.RequestLoggingMiddleware: HTTP GET /swagger/index.js  => 200 [3ms] | IP: ::1 | TraceId: 0HNOVDSGM3I4D:00000001
2026-10-01 10:50:27.422 +07:00 [INF] Serilog.AspNetCore.RequestLoggingMiddleware: HTTP GET /swagger/index.html responded 200 in 159.786 ms
2026-10-01 10:50:27.426 +07:00 [INF] Serilog.AspNetCore.RequestLoggingMiddleware: HTTP GET /swagger/index.js responded 200 in 37.034 ms
2026-10-01 10:50:27.779 +07:00 [INF] WardMate.SharedKernel.Logging.RequestLoggingMiddleware: HTTP GET /swagger/v1/swagger.json  => 200 [207ms] | IP: ::1 | TraceId: 0HNOVDSGM3I4D:00000002
2026-10-01 10:50:27.795 +07:00 [INF] Serilog.AspNetCore.RequestLoggingMiddleware: HTTP GET /swagger/v1/swagger.json responded 200 in 223.576 ms
2026-10-01 10:51:04.947 +07:00 [INF] WardMate.SharedKernel.Logging.RequestLoggingMiddleware: HTTP POST /api/v1/form-templates  => 201 [772ms] | IP: ::1 | TraceId: 0HNOVDSGM3I4D:00000003
2026-10-01 10:51:04.959 +07:00 [INF] Serilog.AspNetCore.RequestLoggingMiddleware: HTTP POST /api/v1/form-templates responded 201 in 785.132 ms
2026-10-01 10:52:22.356 +07:00 [INF] WardMate.SharedKernel.Logging.RequestLoggingMiddleware: HTTP GET /api/v1/form-templates ?page=1&pageSize=20&isActive=false => 200 [376ms] | IP: ::1 | TraceId: 0HNOVDSGM3I4D:00000004
2026-10-01 10:52:22.365 +07:00 [INF] Serilog.AspNetCore.RequestLoggingMiddleware: HTTP GET /api/v1/form-templates responded 200 in 385.444 ms
2026-10-01 10:52:32.141 +07:00 [INF] WardMate.SharedKernel.Logging.RequestLoggingMiddleware: HTTP GET /api/v1/form-templates ?page=1&pageSize=20&isActive=true => 200 [27ms] | IP: ::1 | TraceId: 0HNOVDSGM3I4D:00000005
2026-10-01 10:52:32.149 +07:00 [INF] Serilog.AspNetCore.RequestLoggingMiddleware: HTTP GET /api/v1/form-templates responded 200 in 36.016 ms
2026-10-01 10:53:20.594 +07:00 [INF] WardMate.SharedKernel.Logging.RequestLoggingMiddleware: HTTP POST /api/v1/form-templates  => 201 [185ms] | IP: ::1 | TraceId: 0HNOVDSGM3I4D:00000006
2026-10-01 10:53:20.603 +07:00 [INF] Serilog.AspNetCore.RequestLoggingMiddleware: HTTP POST /api/v1/form-templates responded 201 in 194.816 ms
2026-10-01 10:59:49.524 +07:00 [INF] WardMate.SharedKernel.Logging.RequestLoggingMiddleware: HTTP GET /api/v1/form-templates ?page=1&pageSize=20&isActive=true => 200 [33ms] | IP: ::1 | TraceId: 0HNOVDSGM3I4E:00000001
2026-10-01 10:59:49.541 +07:00 [INF] Serilog.AspNetCore.RequestLoggingMiddleware: HTTP GET /api/v1/form-templates responded 200 in 51.526 ms
2026-10-01 11:00:56.915 +07:00 [WRN] WardMate.SharedKernel.Logging.RequestLoggingMiddleware: HTTP POST /api/v1/form-templates  => 409 [14ms] | IP: ::1 | TraceId: 0HNOVDSGM3I4E:00000002
2026-10-01 11:00:56.929 +07:00 [INF] Serilog.AspNetCore.RequestLoggingMiddleware: HTTP POST /api/v1/form-templates responded 409 in 28.809 ms
2026-10-01 11:01:37.164 +07:00 [WRN] WardMate.SharedKernel.Logging.RequestLoggingMiddleware: HTTP POST /api/v1/form-templates  => 400 [6ms] | IP: ::1 | TraceId: 0HNOVDSGM3I4E:00000003
2026-10-01 11:01:37.174 +07:00 [INF] Serilog.AspNetCore.RequestLoggingMiddleware: HTTP POST /api/v1/form-templates responded 400 in 16.334 ms
2026-10-01 11:03:35.901 +07:00 [WRN] WardMate.SharedKernel.Logging.RequestLoggingMiddleware: HTTP GET /api/v1/form-templates/00000000-0000-0000-0000-000000000001  => 404 [43ms] | IP: ::1 | TraceId: 0HNOVDSGM3I4E:00000004
2026-10-01 11:03:35.909 +07:00 [INF] Serilog.AspNetCore.RequestLoggingMiddleware: HTTP GET /api/v1/form-templates/00000000-0000-0000-0000-000000000001 responded 404 in 50.928 ms
2026-10-01 11:03:44.077 +07:00 [INF] WardMate.SharedKernel.Logging.RequestLoggingMiddleware: HTTP GET /api/v1/form-templates ?page=1&pageSize=20&isActive=true => 200 [7ms] | IP: ::1 | TraceId: 0HNOVDSGM3I4E:00000005
2026-10-01 11:03:44.086 +07:00 [INF] Serilog.AspNetCore.RequestLoggingMiddleware: HTTP GET /api/v1/form-templates responded 200 in 16.879 ms
2026-10-01 11:03:57.586 +07:00 [INF] WardMate.SharedKernel.Logging.RequestLoggingMiddleware: HTTP GET /api/v1/form-templates/f0697f38-f4ab-4e80-a4c8-8023e0d53da2  => 200 [6ms] | IP: ::1 | TraceId: 0HNOVDSGM3I4E:00000006
2026-10-01 11:03:57.596 +07:00 [INF] Serilog.AspNetCore.RequestLoggingMiddleware: HTTP GET /api/v1/form-templates/f0697f38-f4ab-4e80-a4c8-8023e0d53da2 responded 200 in 15.835 ms
2026-10-01 11:05:29.675 +07:00 [ERR] Microsoft.AspNetCore.Diagnostics.ExceptionHandlerMiddleware: An unhandled exception has occurred while executing the request.
Microsoft.EntityFrameworkCore.DbUpdateConcurrencyException: The database operation was expected to affect 1 row(s), but actually affected 0 row(s); data may have been modified or deleted since entities were loaded. See https://go.microsoft.com/fwlink/?LinkId=527962 for information on understanding and handling optimistic concurrency exceptions.
   at Npgsql.EntityFrameworkCore.PostgreSQL.Update.Internal.NpgsqlModificationCommandBatch.ThrowAggregateUpdateConcurrencyExceptionAsync(RelationalDataReader reader, Int32 commandIndex, Int32 expectedRowsAffected, Int32 rowsAffected, CancellationToken cancellationToken)
   at Npgsql.EntityFrameworkCore.PostgreSQL.Update.Internal.NpgsqlModificationCommandBatch.Consume(RelationalDataReader reader, Boolean async, CancellationToken cancellationToken)
   at Microsoft.EntityFrameworkCore.Update.ReaderModificationCommandBatch.ExecuteAsync(IRelationalConnection connection, CancellationToken cancellationToken)
   at Microsoft.EntityFrameworkCore.Update.ReaderModificationCommandBatch.ExecuteAsync(IRelationalConnection connection, CancellationToken cancellationToken)
   at Microsoft.EntityFrameworkCore.Update.Internal.BatchExecutor.ExecuteAsync(IEnumerable`1 commandBatches, IRelationalConnection connection, CancellationToken cancellationToken)
   at Microsoft.EntityFrameworkCore.Update.Internal.BatchExecutor.ExecuteAsync(IEnumerable`1 commandBatches, IRelationalConnection connection, CancellationToken cancellationToken)
   at Microsoft.EntityFrameworkCore.Update.Internal.BatchExecutor.ExecuteAsync(IEnumerable`1 commandBatches, IRelationalConnection connection, CancellationToken cancellationToken)
   at Microsoft.EntityFrameworkCore.ChangeTracking.Internal.StateManager.SaveChangesAsync(IList`1 entriesToSave, CancellationToken cancellationToken)
   at Microsoft.EntityFrameworkCore.ChangeTracking.Internal.StateManager.SaveChangesAsync(StateManager stateManager, Boolean acceptAllChangesOnSuccess, CancellationToken cancellationToken)
   at Npgsql.EntityFrameworkCore.PostgreSQL.Storage.Internal.NpgsqlExecutionStrategy.ExecuteAsync[TState,TResult](TState state, Func`4 operation, Func`4 verifySucceeded, CancellationToken cancellationToken)
   at Microsoft.EntityFrameworkCore.DbContext.SaveChangesAsync(Boolean acceptAllChangesOnSuccess, CancellationToken cancellationToken)
   at WardMate.Services.DocumentForm.Application.Commands.CreateFormTemplateVersionCommandHandler.Handle(CreateFormTemplateVersionCommand request, CancellationToken cancellationToken) in D:\term 9\wardmate-backend\src\Services\WardMate.Services.DocumentForm\WardMate.Services.DocumentForm.Application\Commands\CreateFormTemplateVersionCommand.cs:line 44
   at WardMate.Services.DocumentForm.API.Controllers.FormTemplatesController.AddVersion(Guid templateId, AddSchemaVersionRequest request, CancellationToken cancellationToken) in D:\term 9\wardmate-backend\src\Services\WardMate.Services.DocumentForm\WardMate.Services.DocumentForm.API\Controllers\FormTemplatesController.cs:line 105
   at Microsoft.AspNetCore.Mvc.Infrastructure.ActionMethodExecutor.TaskOfIActionResultExecutor.Execute(ActionContext actionContext, IActionResultTypeMapper mapper, ObjectMethodExecutor executor, Object controller, Object[] arguments)
   at Microsoft.AspNetCore.Mvc.Infrastructure.ControllerActionInvoker.<InvokeActionMethodAsync>g__Awaited|12_0(ControllerActionInvoker invoker, ValueTask`1 actionResultValueTask)
   at Microsoft.AspNetCore.Mvc.Infrastructure.ControllerActionInvoker.<InvokeNextActionFilterAsync>g__Awaited|10_0(ControllerActionInvoker invoker, Task lastTask, State next, Scope scope, Object state, Boolean isCompleted)
   at Microsoft.AspNetCore.Mvc.Infrastructure.ControllerActionInvoker.Rethrow(ActionExecutedContextSealed context)
   at Microsoft.AspNetCore.Mvc.Infrastructure.ControllerActionInvoker.Next(State& next, Scope& scope, Object& state, Boolean& isCompleted)
   at Microsoft.AspNetCore.Mvc.Infrastructure.ControllerActionInvoker.<InvokeInnerFilterAsync>g__Awaited|13_0(ControllerActionInvoker invoker, Task lastTask, State next, Scope scope, Object state, Boolean isCompleted)
   at Microsoft.AspNetCore.Mvc.Infrastructure.ResourceInvoker.<InvokeFilterPipelineAsync>g__Awaited|20_0(ResourceInvoker invoker, Task lastTask, State next, Scope scope, Object state, Boolean isCompleted)
   at Microsoft.AspNetCore.Mvc.Infrastructure.ResourceInvoker.<InvokeAsync>g__Awaited|17_0(ResourceInvoker invoker, Task task, IDisposable scope)
   at Microsoft.AspNetCore.Mvc.Infrastructure.ResourceInvoker.<InvokeAsync>g__Awaited|17_0(ResourceInvoker invoker, Task task, IDisposable scope)
   at Swashbuckle.AspNetCore.SwaggerUI.SwaggerUIMiddleware.Invoke(HttpContext httpContext)
   at Swashbuckle.AspNetCore.Swagger.SwaggerMiddleware.Invoke(HttpContext httpContext, ISwaggerProvider swaggerProvider)
   at Microsoft.AspNetCore.Diagnostics.StatusCodePagesMiddleware.Invoke(HttpContext context)
   at Microsoft.AspNetCore.Diagnostics.ExceptionHandlerMiddlewareImpl.<Invoke>g__Awaited|10_0(ExceptionHandlerMiddlewareImpl middleware, HttpContext context, Task task)
2026-10-01 11:05:29.790 +07:00 [ERR] WardMate.SharedKernel.Web.GlobalExceptionHandler: Unhandled request exception. TraceId: 00-43c6e7aaab305e7896e54379784cac12-8e05d53fdc06f013-00
Microsoft.EntityFrameworkCore.DbUpdateConcurrencyException: The database operation was expected to affect 1 row(s), but actually affected 0 row(s); data may have been modified or deleted since entities were loaded. See https://go.microsoft.com/fwlink/?LinkId=527962 for information on understanding and handling optimistic concurrency exceptions.
   at Npgsql.EntityFrameworkCore.PostgreSQL.Update.Internal.NpgsqlModificationCommandBatch.ThrowAggregateUpdateConcurrencyExceptionAsync(RelationalDataReader reader, Int32 commandIndex, Int32 expectedRowsAffected, Int32 rowsAffected, CancellationToken cancellationToken)
   at Npgsql.EntityFrameworkCore.PostgreSQL.Update.Internal.NpgsqlModificationCommandBatch.Consume(RelationalDataReader reader, Boolean async, CancellationToken cancellationToken)
   at Microsoft.EntityFrameworkCore.Update.ReaderModificationCommandBatch.ExecuteAsync(IRelationalConnection connection, CancellationToken cancellationToken)
   at Microsoft.EntityFrameworkCore.Update.ReaderModificationCommandBatch.ExecuteAsync(IRelationalConnection connection, CancellationToken cancellationToken)
   at Microsoft.EntityFrameworkCore.Update.Internal.BatchExecutor.ExecuteAsync(IEnumerable`1 commandBatches, IRelationalConnection connection, CancellationToken cancellationToken)
   at Microsoft.EntityFrameworkCore.Update.Internal.BatchExecutor.ExecuteAsync(IEnumerable`1 commandBatches, IRelationalConnection connection, CancellationToken cancellationToken)
   at Microsoft.EntityFrameworkCore.Update.Internal.BatchExecutor.ExecuteAsync(IEnumerable`1 commandBatches, IRelationalConnection connection, CancellationToken cancellationToken)
   at Microsoft.EntityFrameworkCore.ChangeTracking.Internal.StateManager.SaveChangesAsync(IList`1 entriesToSave, CancellationToken cancellationToken)
   at Microsoft.EntityFrameworkCore.ChangeTracking.Internal.StateManager.SaveChangesAsync(StateManager stateManager, Boolean acceptAllChangesOnSuccess, CancellationToken cancellationToken)
   at Npgsql.EntityFrameworkCore.PostgreSQL.Storage.Internal.NpgsqlExecutionStrategy.ExecuteAsync[TState,TResult](TState state, Func`4 operation, Func`4 verifySucceeded, CancellationToken cancellationToken)
   at Microsoft.EntityFrameworkCore.DbContext.SaveChangesAsync(Boolean acceptAllChangesOnSuccess, CancellationToken cancellationToken)
   at WardMate.Services.DocumentForm.Application.Commands.CreateFormTemplateVersionCommandHandler.Handle(CreateFormTemplateVersionCommand request, CancellationToken cancellationToken) in D:\term 9\wardmate-backend\src\Services\WardMate.Services.DocumentForm\WardMate.Services.DocumentForm.Application\Commands\CreateFormTemplateVersionCommand.cs:line 44
   at WardMate.Services.DocumentForm.API.Controllers.FormTemplatesController.AddVersion(Guid templateId, AddSchemaVersionRequest request, CancellationToken cancellationToken) in D:\term 9\wardmate-backend\src\Services\WardMate.Services.DocumentForm\WardMate.Services.DocumentForm.API\Controllers\FormTemplatesController.cs:line 105
   at Microsoft.AspNetCore.Mvc.Infrastructure.ActionMethodExecutor.TaskOfIActionResultExecutor.Execute(ActionContext actionContext, IActionResultTypeMapper mapper, ObjectMethodExecutor executor, Object controller, Object[] arguments)
   at Microsoft.AspNetCore.Mvc.Infrastructure.ControllerActionInvoker.<InvokeActionMethodAsync>g__Awaited|12_0(ControllerActionInvoker invoker, ValueTask`1 actionResultValueTask)
   at Microsoft.AspNetCore.Mvc.Infrastructure.ControllerActionInvoker.<InvokeNextActionFilterAsync>g__Awaited|10_0(ControllerActionInvoker invoker, Task lastTask, State next, Scope scope, Object state, Boolean isCompleted)
   at Microsoft.AspNetCore.Mvc.Infrastructure.ControllerActionInvoker.Rethrow(ActionExecutedContextSealed context)
   at Microsoft.AspNetCore.Mvc.Infrastructure.ControllerActionInvoker.Next(State& next, Scope& scope, Object& state, Boolean& isCompleted)
   at Microsoft.AspNetCore.Mvc.Infrastructure.ControllerActionInvoker.<InvokeInnerFilterAsync>g__Awaited|13_0(ControllerActionInvoker invoker, Task lastTask, State next, Scope scope, Object state, Boolean isCompleted)
   at Microsoft.AspNetCore.Mvc.Infrastructure.ResourceInvoker.<InvokeFilterPipelineAsync>g__Awaited|20_0(ResourceInvoker invoker, Task lastTask, State next, Scope scope, Object state, Boolean isCompleted)
   at Microsoft.AspNetCore.Mvc.Infrastructure.ResourceInvoker.<InvokeAsync>g__Awaited|17_0(ResourceInvoker invoker, Task task, IDisposable scope)
   at Microsoft.AspNetCore.Mvc.Infrastructure.ResourceInvoker.<InvokeAsync>g__Awaited|17_0(ResourceInvoker invoker, Task task, IDisposable scope)
   at Swashbuckle.AspNetCore.SwaggerUI.SwaggerUIMiddleware.Invoke(HttpContext httpContext)
   at Swashbuckle.AspNetCore.Swagger.SwaggerMiddleware.Invoke(HttpContext httpContext, ISwaggerProvider swaggerProvider)
   at Microsoft.AspNetCore.Diagnostics.StatusCodePagesMiddleware.Invoke(HttpContext context)
   at Microsoft.AspNetCore.Diagnostics.ExceptionHandlerMiddlewareImpl.<Invoke>g__Awaited|10_0(ExceptionHandlerMiddlewareImpl middleware, HttpContext context, Task task)
2026-10-01 11:05:29.838 +07:00 [ERR] WardMate.SharedKernel.Logging.RequestLoggingMiddleware: HTTP POST /api/v1/form-templates/f0697f38-f4ab-4e80-a4c8-8023e0d53da2/versions  => 500 [291ms] | IP: ::1 | TraceId: 0HNOVDSGM3I4E:00000007
2026-10-01 11:05:29.847 +07:00 [ERR] Serilog.AspNetCore.RequestLoggingMiddleware: HTTP POST /api/v1/form-templates/f0697f38-f4ab-4e80-a4c8-8023e0d53da2/versions responded 500 in 300.763 ms
2026-10-01 11:06:00.402 +07:00 [WRN] WardMate.SharedKernel.Logging.RequestLoggingMiddleware: HTTP POST /api/v1/form-templates/f0697f38-f4ab-4e80-a4c8-8023e0d53da2/versions  => 400 [2ms] | IP: ::1 | TraceId: 0HNOVDSGM3I4E:00000008
2026-10-01 11:06:00.414 +07:00 [INF] Serilog.AspNetCore.RequestLoggingMiddleware: HTTP POST /api/v1/form-templates/f0697f38-f4ab-4e80-a4c8-8023e0d53da2/versions responded 400 in 14.859 ms
2026-10-01 11:06:15.660 +07:00 [ERR] Microsoft.AspNetCore.Diagnostics.ExceptionHandlerMiddleware: An unhandled exception has occurred while executing the request.
Microsoft.EntityFrameworkCore.DbUpdateConcurrencyException: The database operation was expected to affect 1 row(s), but actually affected 0 row(s); data may have been modified or deleted since entities were loaded. See https://go.microsoft.com/fwlink/?LinkId=527962 for information on understanding and handling optimistic concurrency exceptions.
   at Npgsql.EntityFrameworkCore.PostgreSQL.Update.Internal.NpgsqlModificationCommandBatch.ThrowAggregateUpdateConcurrencyExceptionAsync(RelationalDataReader reader, Int32 commandIndex, Int32 expectedRowsAffected, Int32 rowsAffected, CancellationToken cancellationToken)
   at Npgsql.EntityFrameworkCore.PostgreSQL.Update.Internal.NpgsqlModificationCommandBatch.Consume(RelationalDataReader reader, Boolean async, CancellationToken cancellationToken)
   at Microsoft.EntityFrameworkCore.Update.ReaderModificationCommandBatch.ExecuteAsync(IRelationalConnection connection, CancellationToken cancellationToken)
   at Microsoft.EntityFrameworkCore.Update.ReaderModificationCommandBatch.ExecuteAsync(IRelationalConnection connection, CancellationToken cancellationToken)
   at Microsoft.EntityFrameworkCore.Update.Internal.BatchExecutor.ExecuteAsync(IEnumerable`1 commandBatches, IRelationalConnection connection, CancellationToken cancellationToken)
   at Microsoft.EntityFrameworkCore.Update.Internal.BatchExecutor.ExecuteAsync(IEnumerable`1 commandBatches, IRelationalConnection connection, CancellationToken cancellationToken)
   at Microsoft.EntityFrameworkCore.Update.Internal.BatchExecutor.ExecuteAsync(IEnumerable`1 commandBatches, IRelationalConnection connection, CancellationToken cancellationToken)
   at Microsoft.EntityFrameworkCore.ChangeTracking.Internal.StateManager.SaveChangesAsync(IList`1 entriesToSave, CancellationToken cancellationToken)
   at Microsoft.EntityFrameworkCore.ChangeTracking.Internal.StateManager.SaveChangesAsync(StateManager stateManager, Boolean acceptAllChangesOnSuccess, CancellationToken cancellationToken)
   at Npgsql.EntityFrameworkCore.PostgreSQL.Storage.Internal.NpgsqlExecutionStrategy.ExecuteAsync[TState,TResult](TState state, Func`4 operation, Func`4 verifySucceeded, CancellationToken cancellationToken)
   at Microsoft.EntityFrameworkCore.DbContext.SaveChangesAsync(Boolean acceptAllChangesOnSuccess, CancellationToken cancellationToken)
   at WardMate.Services.DocumentForm.Application.Commands.CreateFormTemplateVersionCommandHandler.Handle(CreateFormTemplateVersionCommand request, CancellationToken cancellationToken) in D:\term 9\wardmate-backend\src\Services\WardMate.Services.DocumentForm\WardMate.Services.DocumentForm.Application\Commands\CreateFormTemplateVersionCommand.cs:line 44
   at WardMate.Services.DocumentForm.API.Controllers.FormTemplatesController.AddVersion(Guid templateId, AddSchemaVersionRequest request, CancellationToken cancellationToken) in D:\term 9\wardmate-backend\src\Services\WardMate.Services.DocumentForm\WardMate.Services.DocumentForm.API\Controllers\FormTemplatesController.cs:line 105
   at Microsoft.AspNetCore.Mvc.Infrastructure.ActionMethodExecutor.TaskOfIActionResultExecutor.Execute(ActionContext actionContext, IActionResultTypeMapper mapper, ObjectMethodExecutor executor, Object controller, Object[] arguments)
   at Microsoft.AspNetCore.Mvc.Infrastructure.ControllerActionInvoker.<InvokeActionMethodAsync>g__Awaited|12_0(ControllerActionInvoker invoker, ValueTask`1 actionResultValueTask)
   at Microsoft.AspNetCore.Mvc.Infrastructure.ControllerActionInvoker.<InvokeNextActionFilterAsync>g__Awaited|10_0(ControllerActionInvoker invoker, Task lastTask, State next, Scope scope, Object state, Boolean isCompleted)
   at Microsoft.AspNetCore.Mvc.Infrastructure.ControllerActionInvoker.Rethrow(ActionExecutedContextSealed context)
   at Microsoft.AspNetCore.Mvc.Infrastructure.ControllerActionInvoker.Next(State& next, Scope& scope, Object& state, Boolean& isCompleted)
   at Microsoft.AspNetCore.Mvc.Infrastructure.ControllerActionInvoker.<InvokeInnerFilterAsync>g__Awaited|13_0(ControllerActionInvoker invoker, Task lastTask, State next, Scope scope, Object state, Boolean isCompleted)
   at Microsoft.AspNetCore.Mvc.Infrastructure.ResourceInvoker.<InvokeFilterPipelineAsync>g__Awaited|20_0(ResourceInvoker invoker, Task lastTask, State next, Scope scope, Object state, Boolean isCompleted)
   at Microsoft.AspNetCore.Mvc.Infrastructure.ResourceInvoker.<InvokeAsync>g__Awaited|17_0(ResourceInvoker invoker, Task task, IDisposable scope)
   at Microsoft.AspNetCore.Mvc.Infrastructure.ResourceInvoker.<InvokeAsync>g__Awaited|17_0(ResourceInvoker invoker, Task task, IDisposable scope)
   at Swashbuckle.AspNetCore.SwaggerUI.SwaggerUIMiddleware.Invoke(HttpContext httpContext)
   at Swashbuckle.AspNetCore.Swagger.SwaggerMiddleware.Invoke(HttpContext httpContext, ISwaggerProvider swaggerProvider)
   at Microsoft.AspNetCore.Diagnostics.StatusCodePagesMiddleware.Invoke(HttpContext context)
   at Microsoft.AspNetCore.Diagnostics.ExceptionHandlerMiddlewareImpl.<Invoke>g__Awaited|10_0(ExceptionHandlerMiddlewareImpl middleware, HttpContext context, Task task)
2026-10-01 11:06:15.689 +07:00 [ERR] WardMate.SharedKernel.Web.GlobalExceptionHandler: Unhandled request exception. TraceId: 00-09a1ff4adecbefa7bbef2d5def574c3c-84b5b5640e4b1d59-00
Microsoft.EntityFrameworkCore.DbUpdateConcurrencyException: The database operation was expected to affect 1 row(s), but actually affected 0 row(s); data may have been modified or deleted since entities were loaded. See https://go.microsoft.com/fwlink/?LinkId=527962 for information on understanding and handling optimistic concurrency exceptions.
   at Npgsql.EntityFrameworkCore.PostgreSQL.Update.Internal.NpgsqlModificationCommandBatch.ThrowAggregateUpdateConcurrencyExceptionAsync(RelationalDataReader reader, Int32 commandIndex, Int32 expectedRowsAffected, Int32 rowsAffected, CancellationToken cancellationToken)
   at Npgsql.EntityFrameworkCore.PostgreSQL.Update.Internal.NpgsqlModificationCommandBatch.Consume(RelationalDataReader reader, Boolean async, CancellationToken cancellationToken)
   at Microsoft.EntityFrameworkCore.Update.ReaderModificationCommandBatch.ExecuteAsync(IRelationalConnection connection, CancellationToken cancellationToken)
   at Microsoft.EntityFrameworkCore.Update.ReaderModificationCommandBatch.ExecuteAsync(IRelationalConnection connection, CancellationToken cancellationToken)
   at Microsoft.EntityFrameworkCore.Update.Internal.BatchExecutor.ExecuteAsync(IEnumerable`1 commandBatches, IRelationalConnection connection, CancellationToken cancellationToken)
   at Microsoft.EntityFrameworkCore.Update.Internal.BatchExecutor.ExecuteAsync(IEnumerable`1 commandBatches, IRelationalConnection connection, CancellationToken cancellationToken)
   at Microsoft.EntityFrameworkCore.Update.Internal.BatchExecutor.ExecuteAsync(IEnumerable`1 commandBatches, IRelationalConnection connection, CancellationToken cancellationToken)
   at Microsoft.EntityFrameworkCore.ChangeTracking.Internal.StateManager.SaveChangesAsync(IList`1 entriesToSave, CancellationToken cancellationToken)
   at Microsoft.EntityFrameworkCore.ChangeTracking.Internal.StateManager.SaveChangesAsync(StateManager stateManager, Boolean acceptAllChangesOnSuccess, CancellationToken cancellationToken)
   at Npgsql.EntityFrameworkCore.PostgreSQL.Storage.Internal.NpgsqlExecutionStrategy.ExecuteAsync[TState,TResult](TState state, Func`4 operation, Func`4 verifySucceeded, CancellationToken cancellationToken)
   at Microsoft.EntityFrameworkCore.DbContext.SaveChangesAsync(Boolean acceptAllChangesOnSuccess, CancellationToken cancellationToken)
   at WardMate.Services.DocumentForm.Application.Commands.CreateFormTemplateVersionCommandHandler.Handle(CreateFormTemplateVersionCommand request, CancellationToken cancellationToken) in D:\term 9\wardmate-backend\src\Services\WardMate.Services.DocumentForm\WardMate.Services.DocumentForm.Application\Commands\CreateFormTemplateVersionCommand.cs:line 44
   at WardMate.Services.DocumentForm.API.Controllers.FormTemplatesController.AddVersion(Guid templateId, AddSchemaVersionRequest request, CancellationToken cancellationToken) in D:\term 9\wardmate-backend\src\Services\WardMate.Services.DocumentForm\WardMate.Services.DocumentForm.API\Controllers\FormTemplatesController.cs:line 105
   at Microsoft.AspNetCore.Mvc.Infrastructure.ActionMethodExecutor.TaskOfIActionResultExecutor.Execute(ActionContext actionContext, IActionResultTypeMapper mapper, ObjectMethodExecutor executor, Object controller, Object[] arguments)
   at Microsoft.AspNetCore.Mvc.Infrastructure.ControllerActionInvoker.<InvokeActionMethodAsync>g__Awaited|12_0(ControllerActionInvoker invoker, ValueTask`1 actionResultValueTask)
   at Microsoft.AspNetCore.Mvc.Infrastructure.ControllerActionInvoker.<InvokeNextActionFilterAsync>g__Awaited|10_0(ControllerActionInvoker invoker, Task lastTask, State next, Scope scope, Object state, Boolean isCompleted)
   at Microsoft.AspNetCore.Mvc.Infrastructure.ControllerActionInvoker.Rethrow(ActionExecutedContextSealed context)
   at Microsoft.AspNetCore.Mvc.Infrastructure.ControllerActionInvoker.Next(State& next, Scope& scope, Object& state, Boolean& isCompleted)
   at Microsoft.AspNetCore.Mvc.Infrastructure.ControllerActionInvoker.<InvokeInnerFilterAsync>g__Awaited|13_0(ControllerActionInvoker invoker, Task lastTask, State next, Scope scope, Object state, Boolean isCompleted)
   at Microsoft.AspNetCore.Mvc.Infrastructure.ResourceInvoker.<InvokeFilterPipelineAsync>g__Awaited|20_0(ResourceInvoker invoker, Task lastTask, State next, Scope scope, Object state, Boolean isCompleted)
   at Microsoft.AspNetCore.Mvc.Infrastructure.ResourceInvoker.<InvokeAsync>g__Awaited|17_0(ResourceInvoker invoker, Task task, IDisposable scope)
   at Microsoft.AspNetCore.Mvc.Infrastructure.ResourceInvoker.<InvokeAsync>g__Awaited|17_0(ResourceInvoker invoker, Task task, IDisposable scope)
   at Swashbuckle.AspNetCore.SwaggerUI.SwaggerUIMiddleware.Invoke(HttpContext httpContext)
   at Swashbuckle.AspNetCore.Swagger.SwaggerMiddleware.Invoke(HttpContext httpContext, ISwaggerProvider swaggerProvider)
   at Microsoft.AspNetCore.Diagnostics.StatusCodePagesMiddleware.Invoke(HttpContext context)
   at Microsoft.AspNetCore.Diagnostics.ExceptionHandlerMiddlewareImpl.<Invoke>g__Awaited|10_0(ExceptionHandlerMiddlewareImpl middleware, HttpContext context, Task task)
2026-10-01 11:06:15.718 +07:00 [ERR] WardMate.SharedKernel.Logging.RequestLoggingMiddleware: HTTP POST /api/v1/form-templates/f0697f38-f4ab-4e80-a4c8-8023e0d53da2/versions  => 500 [69ms] | IP: ::1 | TraceId: 0HNOVDSGM3I4E:00000009
2026-10-01 11:06:15.730 +07:00 [ERR] Serilog.AspNetCore.RequestLoggingMiddleware: HTTP POST /api/v1/form-templates/f0697f38-f4ab-4e80-a4c8-8023e0d53da2/versions responded 500 in 81.771 ms
2026-10-01 11:12:42.031 +07:00 [WRN] WardMate.SharedKernel.Logging.RequestLoggingMiddleware: HTTP POST /api/v1/form-templates/9960c8fa-5276-437b-9da8-0179f6aacec2/versions  => 400 [15ms] | IP: ::1 | TraceId: 0HNOVDSGM3I4F:00000001
2026-10-01 11:12:42.039 +07:00 [INF] Serilog.AspNetCore.RequestLoggingMiddleware: HTTP POST /api/v1/form-templates/9960c8fa-5276-437b-9da8-0179f6aacec2/versions responded 400 in 24.312 ms
2026-10-01 11:12:50.221 +07:00 [ERR] Microsoft.AspNetCore.Diagnostics.ExceptionHandlerMiddleware: An unhandled exception has occurred while executing the request.
Microsoft.EntityFrameworkCore.DbUpdateConcurrencyException: The database operation was expected to affect 1 row(s), but actually affected 0 row(s); data may have been modified or deleted since entities were loaded. See https://go.microsoft.com/fwlink/?LinkId=527962 for information on understanding and handling optimistic concurrency exceptions.
   at Npgsql.EntityFrameworkCore.PostgreSQL.Update.Internal.NpgsqlModificationCommandBatch.ThrowAggregateUpdateConcurrencyExceptionAsync(RelationalDataReader reader, Int32 commandIndex, Int32 expectedRowsAffected, Int32 rowsAffected, CancellationToken cancellationToken)
   at Npgsql.EntityFrameworkCore.PostgreSQL.Update.Internal.NpgsqlModificationCommandBatch.Consume(RelationalDataReader reader, Boolean async, CancellationToken cancellationToken)
   at Microsoft.EntityFrameworkCore.Update.ReaderModificationCommandBatch.ExecuteAsync(IRelationalConnection connection, CancellationToken cancellationToken)
   at Microsoft.EntityFrameworkCore.Update.ReaderModificationCommandBatch.ExecuteAsync(IRelationalConnection connection, CancellationToken cancellationToken)
   at Microsoft.EntityFrameworkCore.Update.Internal.BatchExecutor.ExecuteAsync(IEnumerable`1 commandBatches, IRelationalConnection connection, CancellationToken cancellationToken)
   at Microsoft.EntityFrameworkCore.Update.Internal.BatchExecutor.ExecuteAsync(IEnumerable`1 commandBatches, IRelationalConnection connection, CancellationToken cancellationToken)
   at Microsoft.EntityFrameworkCore.Update.Internal.BatchExecutor.ExecuteAsync(IEnumerable`1 commandBatches, IRelationalConnection connection, CancellationToken cancellationToken)
   at Microsoft.EntityFrameworkCore.ChangeTracking.Internal.StateManager.SaveChangesAsync(IList`1 entriesToSave, CancellationToken cancellationToken)
   at Microsoft.EntityFrameworkCore.ChangeTracking.Internal.StateManager.SaveChangesAsync(StateManager stateManager, Boolean acceptAllChangesOnSuccess, CancellationToken cancellationToken)
   at Npgsql.EntityFrameworkCore.PostgreSQL.Storage.Internal.NpgsqlExecutionStrategy.ExecuteAsync[TState,TResult](TState state, Func`4 operation, Func`4 verifySucceeded, CancellationToken cancellationToken)
   at Microsoft.EntityFrameworkCore.DbContext.SaveChangesAsync(Boolean acceptAllChangesOnSuccess, CancellationToken cancellationToken)
   at WardMate.Services.DocumentForm.Application.Commands.CreateFormTemplateVersionCommandHandler.Handle(CreateFormTemplateVersionCommand request, CancellationToken cancellationToken) in D:\term 9\wardmate-backend\src\Services\WardMate.Services.DocumentForm\WardMate.Services.DocumentForm.Application\Commands\CreateFormTemplateVersionCommand.cs:line 44
   at WardMate.Services.DocumentForm.API.Controllers.FormTemplatesController.AddVersion(Guid templateId, AddSchemaVersionRequest request, CancellationToken cancellationToken) in D:\term 9\wardmate-backend\src\Services\WardMate.Services.DocumentForm\WardMate.Services.DocumentForm.API\Controllers\FormTemplatesController.cs:line 105
   at Microsoft.AspNetCore.Mvc.Infrastructure.ActionMethodExecutor.TaskOfIActionResultExecutor.Execute(ActionContext actionContext, IActionResultTypeMapper mapper, ObjectMethodExecutor executor, Object controller, Object[] arguments)
   at Microsoft.AspNetCore.Mvc.Infrastructure.ControllerActionInvoker.<InvokeActionMethodAsync>g__Awaited|12_0(ControllerActionInvoker invoker, ValueTask`1 actionResultValueTask)
   at Microsoft.AspNetCore.Mvc.Infrastructure.ControllerActionInvoker.<InvokeNextActionFilterAsync>g__Awaited|10_0(ControllerActionInvoker invoker, Task lastTask, State next, Scope scope, Object state, Boolean isCompleted)
   at Microsoft.AspNetCore.Mvc.Infrastructure.ControllerActionInvoker.Rethrow(ActionExecutedContextSealed context)
   at Microsoft.AspNetCore.Mvc.Infrastructure.ControllerActionInvoker.Next(State& next, Scope& scope, Object& state, Boolean& isCompleted)
   at Microsoft.AspNetCore.Mvc.Infrastructure.ControllerActionInvoker.<InvokeInnerFilterAsync>g__Awaited|13_0(ControllerActionInvoker invoker, Task lastTask, State next, Scope scope, Object state, Boolean isCompleted)
   at Microsoft.AspNetCore.Mvc.Infrastructure.ResourceInvoker.<InvokeFilterPipelineAsync>g__Awaited|20_0(ResourceInvoker invoker, Task lastTask, State next, Scope scope, Object state, Boolean isCompleted)
   at Microsoft.AspNetCore.Mvc.Infrastructure.ResourceInvoker.<InvokeAsync>g__Awaited|17_0(ResourceInvoker invoker, Task task, IDisposable scope)
   at Microsoft.AspNetCore.Mvc.Infrastructure.ResourceInvoker.<InvokeAsync>g__Awaited|17_0(ResourceInvoker invoker, Task task, IDisposable scope)
   at Swashbuckle.AspNetCore.SwaggerUI.SwaggerUIMiddleware.Invoke(HttpContext httpContext)
   at Swashbuckle.AspNetCore.Swagger.SwaggerMiddleware.Invoke(HttpContext httpContext, ISwaggerProvider swaggerProvider)
   at Microsoft.AspNetCore.Diagnostics.StatusCodePagesMiddleware.Invoke(HttpContext context)
   at Microsoft.AspNetCore.Diagnostics.ExceptionHandlerMiddlewareImpl.<Invoke>g__Awaited|10_0(ExceptionHandlerMiddlewareImpl middleware, HttpContext context, Task task)
2026-10-01 11:12:50.253 +07:00 [ERR] WardMate.SharedKernel.Web.GlobalExceptionHandler: Unhandled request exception. TraceId: 00-c4827f31cb8c94ea04a26e89f03ae518-1ec064593a8ccc93-00
Microsoft.EntityFrameworkCore.DbUpdateConcurrencyException: The database operation was expected to affect 1 row(s), but actually affected 0 row(s); data may have been modified or deleted since entities were loaded. See https://go.microsoft.com/fwlink/?LinkId=527962 for information on understanding and handling optimistic concurrency exceptions.
   at Npgsql.EntityFrameworkCore.PostgreSQL.Update.Internal.NpgsqlModificationCommandBatch.ThrowAggregateUpdateConcurrencyExceptionAsync(RelationalDataReader reader, Int32 commandIndex, Int32 expectedRowsAffected, Int32 rowsAffected, CancellationToken cancellationToken)
   at Npgsql.EntityFrameworkCore.PostgreSQL.Update.Internal.NpgsqlModificationCommandBatch.Consume(RelationalDataReader reader, Boolean async, CancellationToken cancellationToken)
   at Microsoft.EntityFrameworkCore.Update.ReaderModificationCommandBatch.ExecuteAsync(IRelationalConnection connection, CancellationToken cancellationToken)
   at Microsoft.EntityFrameworkCore.Update.ReaderModificationCommandBatch.ExecuteAsync(IRelationalConnection connection, CancellationToken cancellationToken)
   at Microsoft.EntityFrameworkCore.Update.Internal.BatchExecutor.ExecuteAsync(IEnumerable`1 commandBatches, IRelationalConnection connection, CancellationToken cancellationToken)
   at Microsoft.EntityFrameworkCore.Update.Internal.BatchExecutor.ExecuteAsync(IEnumerable`1 commandBatches, IRelationalConnection connection, CancellationToken cancellationToken)
   at Microsoft.EntityFrameworkCore.Update.Internal.BatchExecutor.ExecuteAsync(IEnumerable`1 commandBatches, IRelationalConnection connection, CancellationToken cancellationToken)
   at Microsoft.EntityFrameworkCore.ChangeTracking.Internal.StateManager.SaveChangesAsync(IList`1 entriesToSave, CancellationToken cancellationToken)
   at Microsoft.EntityFrameworkCore.ChangeTracking.Internal.StateManager.SaveChangesAsync(StateManager stateManager, Boolean acceptAllChangesOnSuccess, CancellationToken cancellationToken)
   at Npgsql.EntityFrameworkCore.PostgreSQL.Storage.Internal.NpgsqlExecutionStrategy.ExecuteAsync[TState,TResult](TState state, Func`4 operation, Func`4 verifySucceeded, CancellationToken cancellationToken)
   at Microsoft.EntityFrameworkCore.DbContext.SaveChangesAsync(Boolean acceptAllChangesOnSuccess, CancellationToken cancellationToken)
   at WardMate.Services.DocumentForm.Application.Commands.CreateFormTemplateVersionCommandHandler.Handle(CreateFormTemplateVersionCommand request, CancellationToken cancellationToken) in D:\term 9\wardmate-backend\src\Services\WardMate.Services.DocumentForm\WardMate.Services.DocumentForm.Application\Commands\CreateFormTemplateVersionCommand.cs:line 44
   at WardMate.Services.DocumentForm.API.Controllers.FormTemplatesController.AddVersion(Guid templateId, AddSchemaVersionRequest request, CancellationToken cancellationToken) in D:\term 9\wardmate-backend\src\Services\WardMate.Services.DocumentForm\WardMate.Services.DocumentForm.API\Controllers\FormTemplatesController.cs:line 105
   at Microsoft.AspNetCore.Mvc.Infrastructure.ActionMethodExecutor.TaskOfIActionResultExecutor.Execute(ActionContext actionContext, IActionResultTypeMapper mapper, ObjectMethodExecutor executor, Object controller, Object[] arguments)
   at Microsoft.AspNetCore.Mvc.Infrastructure.ControllerActionInvoker.<InvokeActionMethodAsync>g__Awaited|12_0(ControllerActionInvoker invoker, ValueTask`1 actionResultValueTask)
   at Microsoft.AspNetCore.Mvc.Infrastructure.ControllerActionInvoker.<InvokeNextActionFilterAsync>g__Awaited|10_0(ControllerActionInvoker invoker, Task lastTask, State next, Scope scope, Object state, Boolean isCompleted)
   at Microsoft.AspNetCore.Mvc.Infrastructure.ControllerActionInvoker.Rethrow(ActionExecutedContextSealed context)
   at Microsoft.AspNetCore.Mvc.Infrastructure.ControllerActionInvoker.Next(State& next, Scope& scope, Object& state, Boolean& isCompleted)
   at Microsoft.AspNetCore.Mvc.Infrastructure.ControllerActionInvoker.<InvokeInnerFilterAsync>g__Awaited|13_0(ControllerActionInvoker invoker, Task lastTask, State next, Scope scope, Object state, Boolean isCompleted)
   at Microsoft.AspNetCore.Mvc.Infrastructure.ResourceInvoker.<InvokeFilterPipelineAsync>g__Awaited|20_0(ResourceInvoker invoker, Task lastTask, State next, Scope scope, Object state, Boolean isCompleted)
   at Microsoft.AspNetCore.Mvc.Infrastructure.ResourceInvoker.<InvokeAsync>g__Awaited|17_0(ResourceInvoker invoker, Task task, IDisposable scope)
   at Microsoft.AspNetCore.Mvc.Infrastructure.ResourceInvoker.<InvokeAsync>g__Awaited|17_0(ResourceInvoker invoker, Task task, IDisposable scope)
   at Swashbuckle.AspNetCore.SwaggerUI.SwaggerUIMiddleware.Invoke(HttpContext httpContext)
   at Swashbuckle.AspNetCore.Swagger.SwaggerMiddleware.Invoke(HttpContext httpContext, ISwaggerProvider swaggerProvider)
   at Microsoft.AspNetCore.Diagnostics.StatusCodePagesMiddleware.Invoke(HttpContext context)
   at Microsoft.AspNetCore.Diagnostics.ExceptionHandlerMiddlewareImpl.<Invoke>g__Awaited|10_0(ExceptionHandlerMiddlewareImpl middleware, HttpContext context, Task task)
2026-10-01 11:12:50.281 +07:00 [ERR] WardMate.SharedKernel.Logging.RequestLoggingMiddleware: HTTP POST /api/v1/form-templates/9960c8fa-5276-437b-9da8-0179f6aacec2/versions  => 500 [86ms] | IP: ::1 | TraceId: 0HNOVDSGM3I4G:00000001
2026-10-01 11:12:50.292 +07:00 [ERR] Serilog.AspNetCore.RequestLoggingMiddleware: HTTP POST /api/v1/form-templates/9960c8fa-5276-437b-9da8-0179f6aacec2/versions responded 500 in 97.061 ms
2026-10-01 11:15:59.879 +07:00 [INF] Microsoft.Hosting.Lifetime: Application is shutting down...
2026-10-01 11:16:14.030 +07:00 [INF] : WardMate.Services.DocumentForm started successfully.
2026-10-01 11:16:14.106 +07:00 [INF] Microsoft.Hosting.Lifetime: Now listening on: http://localhost:5004
2026-10-01 11:16:14.111 +07:00 [INF] Microsoft.Hosting.Lifetime: Application started. Press Ctrl+C to shut down.
2026-10-01 11:16:14.113 +07:00 [INF] Microsoft.Hosting.Lifetime: Hosting environment: Development
2026-10-01 11:16:14.115 +07:00 [INF] Microsoft.Hosting.Lifetime: Content root path: D:\term 9\wardmate-backend\src\Services\WardMate.Services.DocumentForm\WardMate.Services.DocumentForm.API
2026-10-01 11:16:22.566 +07:00 [INF] WardMate.SharedKernel.Logging.RequestLoggingMiddleware: HTTP GET /swagger/index.html  => 200 [113ms] | IP: ::1 | TraceId: 0HNOVEB05EL22:00000001
2026-10-01 11:16:22.584 +07:00 [INF] Serilog.AspNetCore.RequestLoggingMiddleware: HTTP GET /swagger/index.html responded 200 in 142.377 ms
2026-10-01 11:16:22.588 +07:00 [INF] WardMate.SharedKernel.Logging.RequestLoggingMiddleware: HTTP GET /swagger/index.js  => 200 [2ms] | IP: ::1 | TraceId: 0HNOVEB05EL23:00000001
2026-10-01 11:16:22.603 +07:00 [INF] Serilog.AspNetCore.RequestLoggingMiddleware: HTTP GET /swagger/index.js responded 200 in 17.561 ms
2026-10-01 11:16:22.916 +07:00 [INF] WardMate.SharedKernel.Logging.RequestLoggingMiddleware: HTTP GET /swagger/v1/swagger.json  => 200 [209ms] | IP: ::1 | TraceId: 0HNOVEB05EL23:00000002
2026-10-01 11:16:22.926 +07:00 [INF] Serilog.AspNetCore.RequestLoggingMiddleware: HTTP GET /swagger/v1/swagger.json responded 200 in 219.392 ms
2026-10-01 11:16:41.044 +07:00 [ERR] Microsoft.AspNetCore.Diagnostics.ExceptionHandlerMiddleware: An unhandled exception has occurred while executing the request.
Microsoft.EntityFrameworkCore.DbUpdateConcurrencyException: The database operation was expected to affect 1 row(s), but actually affected 0 row(s); data may have been modified or deleted since entities were loaded. See https://go.microsoft.com/fwlink/?LinkId=527962 for information on understanding and handling optimistic concurrency exceptions.
   at Npgsql.EntityFrameworkCore.PostgreSQL.Update.Internal.NpgsqlModificationCommandBatch.ThrowAggregateUpdateConcurrencyExceptionAsync(RelationalDataReader reader, Int32 commandIndex, Int32 expectedRowsAffected, Int32 rowsAffected, CancellationToken cancellationToken)
   at Npgsql.EntityFrameworkCore.PostgreSQL.Update.Internal.NpgsqlModificationCommandBatch.Consume(RelationalDataReader reader, Boolean async, CancellationToken cancellationToken)
   at Microsoft.EntityFrameworkCore.Update.ReaderModificationCommandBatch.ExecuteAsync(IRelationalConnection connection, CancellationToken cancellationToken)
   at Microsoft.EntityFrameworkCore.Update.ReaderModificationCommandBatch.ExecuteAsync(IRelationalConnection connection, CancellationToken cancellationToken)
   at Microsoft.EntityFrameworkCore.Update.Internal.BatchExecutor.ExecuteAsync(IEnumerable`1 commandBatches, IRelationalConnection connection, CancellationToken cancellationToken)
   at Microsoft.EntityFrameworkCore.Update.Internal.BatchExecutor.ExecuteAsync(IEnumerable`1 commandBatches, IRelationalConnection connection, CancellationToken cancellationToken)
   at Microsoft.EntityFrameworkCore.Update.Internal.BatchExecutor.ExecuteAsync(IEnumerable`1 commandBatches, IRelationalConnection connection, CancellationToken cancellationToken)
   at Microsoft.EntityFrameworkCore.ChangeTracking.Internal.StateManager.SaveChangesAsync(IList`1 entriesToSave, CancellationToken cancellationToken)
   at Microsoft.EntityFrameworkCore.ChangeTracking.Internal.StateManager.SaveChangesAsync(StateManager stateManager, Boolean acceptAllChangesOnSuccess, CancellationToken cancellationToken)
   at Npgsql.EntityFrameworkCore.PostgreSQL.Storage.Internal.NpgsqlExecutionStrategy.ExecuteAsync[TState,TResult](TState state, Func`4 operation, Func`4 verifySucceeded, CancellationToken cancellationToken)
   at Microsoft.EntityFrameworkCore.DbContext.SaveChangesAsync(Boolean acceptAllChangesOnSuccess, CancellationToken cancellationToken)
   at WardMate.Services.DocumentForm.Application.Commands.CreateFormTemplateVersionCommandHandler.Handle(CreateFormTemplateVersionCommand request, CancellationToken cancellationToken) in D:\term 9\wardmate-backend\src\Services\WardMate.Services.DocumentForm\WardMate.Services.DocumentForm.Application\Commands\CreateFormTemplateVersionCommand.cs:line 44
   at WardMate.Services.DocumentForm.API.Controllers.FormTemplatesController.AddVersion(Guid templateId, AddSchemaVersionRequest request, CancellationToken cancellationToken) in D:\term 9\wardmate-backend\src\Services\WardMate.Services.DocumentForm\WardMate.Services.DocumentForm.API\Controllers\FormTemplatesController.cs:line 105
   at Microsoft.AspNetCore.Mvc.Infrastructure.ActionMethodExecutor.TaskOfIActionResultExecutor.Execute(ActionContext actionContext, IActionResultTypeMapper mapper, ObjectMethodExecutor executor, Object controller, Object[] arguments)
   at Microsoft.AspNetCore.Mvc.Infrastructure.ControllerActionInvoker.<InvokeActionMethodAsync>g__Awaited|12_0(ControllerActionInvoker invoker, ValueTask`1 actionResultValueTask)
   at Microsoft.AspNetCore.Mvc.Infrastructure.ControllerActionInvoker.<InvokeNextActionFilterAsync>g__Awaited|10_0(ControllerActionInvoker invoker, Task lastTask, State next, Scope scope, Object state, Boolean isCompleted)
   at Microsoft.AspNetCore.Mvc.Infrastructure.ControllerActionInvoker.Rethrow(ActionExecutedContextSealed context)
   at Microsoft.AspNetCore.Mvc.Infrastructure.ControllerActionInvoker.Next(State& next, Scope& scope, Object& state, Boolean& isCompleted)
   at Microsoft.AspNetCore.Mvc.Infrastructure.ControllerActionInvoker.<InvokeInnerFilterAsync>g__Awaited|13_0(ControllerActionInvoker invoker, Task lastTask, State next, Scope scope, Object state, Boolean isCompleted)
   at Microsoft.AspNetCore.Mvc.Infrastructure.ResourceInvoker.<InvokeFilterPipelineAsync>g__Awaited|20_0(ResourceInvoker invoker, Task lastTask, State next, Scope scope, Object state, Boolean isCompleted)
   at Microsoft.AspNetCore.Mvc.Infrastructure.ResourceInvoker.<InvokeAsync>g__Awaited|17_0(ResourceInvoker invoker, Task task, IDisposable scope)
   at Microsoft.AspNetCore.Mvc.Infrastructure.ResourceInvoker.<InvokeAsync>g__Awaited|17_0(ResourceInvoker invoker, Task task, IDisposable scope)
   at Swashbuckle.AspNetCore.SwaggerUI.SwaggerUIMiddleware.Invoke(HttpContext httpContext)
   at Swashbuckle.AspNetCore.Swagger.SwaggerMiddleware.Invoke(HttpContext httpContext, ISwaggerProvider swaggerProvider)
   at Microsoft.AspNetCore.Diagnostics.StatusCodePagesMiddleware.Invoke(HttpContext context)
   at Microsoft.AspNetCore.Diagnostics.ExceptionHandlerMiddlewareImpl.<Invoke>g__Awaited|10_0(ExceptionHandlerMiddlewareImpl middleware, HttpContext context, Task task)
2026-10-01 11:16:41.098 +07:00 [ERR] WardMate.SharedKernel.Web.GlobalExceptionHandler: Unhandled request exception. TraceId: 00-836e6e37550b2845b7caac5e6c27cc13-651c89aaf643a3ed-00
Microsoft.EntityFrameworkCore.DbUpdateConcurrencyException: The database operation was expected to affect 1 row(s), but actually affected 0 row(s); data may have been modified or deleted since entities were loaded. See https://go.microsoft.com/fwlink/?LinkId=527962 for information on understanding and handling optimistic concurrency exceptions.
   at Npgsql.EntityFrameworkCore.PostgreSQL.Update.Internal.NpgsqlModificationCommandBatch.ThrowAggregateUpdateConcurrencyExceptionAsync(RelationalDataReader reader, Int32 commandIndex, Int32 expectedRowsAffected, Int32 rowsAffected, CancellationToken cancellationToken)
   at Npgsql.EntityFrameworkCore.PostgreSQL.Update.Internal.NpgsqlModificationCommandBatch.Consume(RelationalDataReader reader, Boolean async, CancellationToken cancellationToken)
   at Microsoft.EntityFrameworkCore.Update.ReaderModificationCommandBatch.ExecuteAsync(IRelationalConnection connection, CancellationToken cancellationToken)
   at Microsoft.EntityFrameworkCore.Update.ReaderModificationCommandBatch.ExecuteAsync(IRelationalConnection connection, CancellationToken cancellationToken)
   at Microsoft.EntityFrameworkCore.Update.Internal.BatchExecutor.ExecuteAsync(IEnumerable`1 commandBatches, IRelationalConnection connection, CancellationToken cancellationToken)
   at Microsoft.EntityFrameworkCore.Update.Internal.BatchExecutor.ExecuteAsync(IEnumerable`1 commandBatches, IRelationalConnection connection, CancellationToken cancellationToken)
   at Microsoft.EntityFrameworkCore.Update.Internal.BatchExecutor.ExecuteAsync(IEnumerable`1 commandBatches, IRelationalConnection connection, CancellationToken cancellationToken)
   at Microsoft.EntityFrameworkCore.ChangeTracking.Internal.StateManager.SaveChangesAsync(IList`1 entriesToSave, CancellationToken cancellationToken)
   at Microsoft.EntityFrameworkCore.ChangeTracking.Internal.StateManager.SaveChangesAsync(StateManager stateManager, Boolean acceptAllChangesOnSuccess, CancellationToken cancellationToken)
   at Npgsql.EntityFrameworkCore.PostgreSQL.Storage.Internal.NpgsqlExecutionStrategy.ExecuteAsync[TState,TResult](TState state, Func`4 operation, Func`4 verifySucceeded, CancellationToken cancellationToken)
   at Microsoft.EntityFrameworkCore.DbContext.SaveChangesAsync(Boolean acceptAllChangesOnSuccess, CancellationToken cancellationToken)
   at WardMate.Services.DocumentForm.Application.Commands.CreateFormTemplateVersionCommandHandler.Handle(CreateFormTemplateVersionCommand request, CancellationToken cancellationToken) in D:\term 9\wardmate-backend\src\Services\WardMate.Services.DocumentForm\WardMate.Services.DocumentForm.Application\Commands\CreateFormTemplateVersionCommand.cs:line 44
   at WardMate.Services.DocumentForm.API.Controllers.FormTemplatesController.AddVersion(Guid templateId, AddSchemaVersionRequest request, CancellationToken cancellationToken) in D:\term 9\wardmate-backend\src\Services\WardMate.Services.DocumentForm\WardMate.Services.DocumentForm.API\Controllers\FormTemplatesController.cs:line 105
   at Microsoft.AspNetCore.Mvc.Infrastructure.ActionMethodExecutor.TaskOfIActionResultExecutor.Execute(ActionContext actionContext, IActionResultTypeMapper mapper, ObjectMethodExecutor executor, Object controller, Object[] arguments)
   at Microsoft.AspNetCore.Mvc.Infrastructure.ControllerActionInvoker.<InvokeActionMethodAsync>g__Awaited|12_0(ControllerActionInvoker invoker, ValueTask`1 actionResultValueTask)
   at Microsoft.AspNetCore.Mvc.Infrastructure.ControllerActionInvoker.<InvokeNextActionFilterAsync>g__Awaited|10_0(ControllerActionInvoker invoker, Task lastTask, State next, Scope scope, Object state, Boolean isCompleted)
   at Microsoft.AspNetCore.Mvc.Infrastructure.ControllerActionInvoker.Rethrow(ActionExecutedContextSealed context)
   at Microsoft.AspNetCore.Mvc.Infrastructure.ControllerActionInvoker.Next(State& next, Scope& scope, Object& state, Boolean& isCompleted)
   at Microsoft.AspNetCore.Mvc.Infrastructure.ControllerActionInvoker.<InvokeInnerFilterAsync>g__Awaited|13_0(ControllerActionInvoker invoker, Task lastTask, State next, Scope scope, Object state, Boolean isCompleted)
   at Microsoft.AspNetCore.Mvc.Infrastructure.ResourceInvoker.<InvokeFilterPipelineAsync>g__Awaited|20_0(ResourceInvoker invoker, Task lastTask, State next, Scope scope, Object state, Boolean isCompleted)
   at Microsoft.AspNetCore.Mvc.Infrastructure.ResourceInvoker.<InvokeAsync>g__Awaited|17_0(ResourceInvoker invoker, Task task, IDisposable scope)
   at Microsoft.AspNetCore.Mvc.Infrastructure.ResourceInvoker.<InvokeAsync>g__Awaited|17_0(ResourceInvoker invoker, Task task, IDisposable scope)
   at Swashbuckle.AspNetCore.SwaggerUI.SwaggerUIMiddleware.Invoke(HttpContext httpContext)
   at Swashbuckle.AspNetCore.Swagger.SwaggerMiddleware.Invoke(HttpContext httpContext, ISwaggerProvider swaggerProvider)
   at Microsoft.AspNetCore.Diagnostics.StatusCodePagesMiddleware.Invoke(HttpContext context)
   at Microsoft.AspNetCore.Diagnostics.ExceptionHandlerMiddlewareImpl.<Invoke>g__Awaited|10_0(ExceptionHandlerMiddlewareImpl middleware, HttpContext context, Task task)
2026-10-01 11:16:41.142 +07:00 [ERR] WardMate.SharedKernel.Logging.RequestLoggingMiddleware: HTTP POST /api/v1/form-templates/f0697f38-f4ab-4e80-a4c8-8023e0d53da2/versions  => 500 [1114ms] | IP: ::1 | TraceId: 0HNOVEB05EL23:00000003
2026-10-01 11:16:41.150 +07:00 [ERR] Serilog.AspNetCore.RequestLoggingMiddleware: HTTP POST /api/v1/form-templates/f0697f38-f4ab-4e80-a4c8-8023e0d53da2/versions responded 500 in 1122.428 ms
2026-10-01 11:18:11.721 +07:00 [INF] : WardMate.Services.DocumentForm started successfully.
2026-10-01 11:18:11.790 +07:00 [ERR] Microsoft.Extensions.Hosting.Internal.Host: Hosting failed to start
System.IO.IOException: Failed to bind to address http://127.0.0.1:5004: address already in use.
 ---> Microsoft.AspNetCore.Connections.AddressInUseException: Only one usage of each socket address (protocol/network address/port) is normally permitted.
 ---> System.Net.Sockets.SocketException (10048): Only one usage of each socket address (protocol/network address/port) is normally permitted.
   at System.Net.Sockets.Socket.UpdateStatusAfterSocketErrorAndThrowException(SocketError error, Boolean disconnectOnFailure, String callerName)
   at System.Net.Sockets.Socket.DoBind(EndPoint endPointSnapshot, SocketAddress socketAddress)
   at System.Net.Sockets.Socket.Bind(EndPoint localEP)
   at Microsoft.AspNetCore.Server.Kestrel.Transport.Sockets.SocketTransportOptions.CreateDefaultBoundListenSocket(EndPoint endpoint)
   at Microsoft.AspNetCore.Server.Kestrel.Transport.Sockets.SocketConnectionListener.Bind()
   --- End of inner exception stack trace ---
   at Microsoft.AspNetCore.Server.Kestrel.Transport.Sockets.SocketConnectionListener.Bind()
   at Microsoft.AspNetCore.Server.Kestrel.Transport.Sockets.SocketTransportFactory.BindAsync(EndPoint endpoint, CancellationToken cancellationToken)
   at Microsoft.AspNetCore.Server.Kestrel.Core.Internal.Infrastructure.TransportManager.BindAsync(EndPoint endPoint, ConnectionDelegate connectionDelegate, EndpointConfig endpointConfig, CancellationToken cancellationToken)
   at Microsoft.AspNetCore.Server.Kestrel.Core.KestrelServerImpl.<>c__DisplayClass28_0`1.<<StartAsync>g__OnBind|0>d.MoveNext()
--- End of stack trace from previous location ---
   at Microsoft.AspNetCore.Server.Kestrel.Core.Internal.AddressBinder.BindEndpointAsync(ListenOptions endpoint, AddressBindContext context, CancellationToken cancellationToken)
   --- End of inner exception stack trace ---
   at Microsoft.AspNetCore.Server.Kestrel.Core.Internal.AddressBinder.BindEndpointAsync(ListenOptions endpoint, AddressBindContext context, CancellationToken cancellationToken)
   at Microsoft.AspNetCore.Server.Kestrel.Core.LocalhostListenOptions.BindAsync(AddressBindContext context, CancellationToken cancellationToken)
   at Microsoft.AspNetCore.Server.Kestrel.Core.Internal.AddressBinder.AddressesStrategy.BindAsync(AddressBindContext context, CancellationToken cancellationToken)
   at Microsoft.AspNetCore.Server.Kestrel.Core.Internal.AddressBinder.BindAsync(ListenOptions[] listenOptions, AddressBindContext context, Func`2 useHttps, CancellationToken cancellationToken)
   at Microsoft.AspNetCore.Server.Kestrel.Core.KestrelServerImpl.BindAsync(CancellationToken cancellationToken)
   at Microsoft.AspNetCore.Server.Kestrel.Core.KestrelServerImpl.StartAsync[TContext](IHttpApplication`1 application, CancellationToken cancellationToken)
   at Microsoft.AspNetCore.Hosting.GenericWebHostService.StartAsync(CancellationToken cancellationToken)
   at Microsoft.Extensions.Hosting.Internal.Host.<StartAsync>b__15_1(IHostedService service, CancellationToken token)
   at Microsoft.Extensions.Hosting.Internal.Host.ForeachService[T](IEnumerable`1 services, CancellationToken token, Boolean concurrent, Boolean abortOnFirstException, List`1 exceptions, Func`3 operation)
2026-10-01 11:18:11.802 +07:00 [FTL] : WardMate.Services.DocumentForm terminated unexpectedly.
System.IO.IOException: Failed to bind to address http://127.0.0.1:5004: address already in use.
 ---> Microsoft.AspNetCore.Connections.AddressInUseException: Only one usage of each socket address (protocol/network address/port) is normally permitted.
 ---> System.Net.Sockets.SocketException (10048): Only one usage of each socket address (protocol/network address/port) is normally permitted.
   at System.Net.Sockets.Socket.UpdateStatusAfterSocketErrorAndThrowException(SocketError error, Boolean disconnectOnFailure, String callerName)
   at System.Net.Sockets.Socket.DoBind(EndPoint endPointSnapshot, SocketAddress socketAddress)
   at System.Net.Sockets.Socket.Bind(EndPoint localEP)
   at Microsoft.AspNetCore.Server.Kestrel.Transport.Sockets.SocketTransportOptions.CreateDefaultBoundListenSocket(EndPoint endpoint)
   at Microsoft.AspNetCore.Server.Kestrel.Transport.Sockets.SocketConnectionListener.Bind()
   --- End of inner exception stack trace ---
   at Microsoft.AspNetCore.Server.Kestrel.Transport.Sockets.SocketConnectionListener.Bind()
   at Microsoft.AspNetCore.Server.Kestrel.Transport.Sockets.SocketTransportFactory.BindAsync(EndPoint endpoint, CancellationToken cancellationToken)
   at Microsoft.AspNetCore.Server.Kestrel.Core.Internal.Infrastructure.TransportManager.BindAsync(EndPoint endPoint, ConnectionDelegate connectionDelegate, EndpointConfig endpointConfig, CancellationToken cancellationToken)
   at Microsoft.AspNetCore.Server.Kestrel.Core.KestrelServerImpl.<>c__DisplayClass28_0`1.<<StartAsync>g__OnBind|0>d.MoveNext()
--- End of stack trace from previous location ---
   at Microsoft.AspNetCore.Server.Kestrel.Core.Internal.AddressBinder.BindEndpointAsync(ListenOptions endpoint, AddressBindContext context, CancellationToken cancellationToken)
   --- End of inner exception stack trace ---
   at Microsoft.AspNetCore.Server.Kestrel.Core.Internal.AddressBinder.BindEndpointAsync(ListenOptions endpoint, AddressBindContext context, CancellationToken cancellationToken)
   at Microsoft.AspNetCore.Server.Kestrel.Core.LocalhostListenOptions.BindAsync(AddressBindContext context, CancellationToken cancellationToken)
   at Microsoft.AspNetCore.Server.Kestrel.Core.Internal.AddressBinder.AddressesStrategy.BindAsync(AddressBindContext context, CancellationToken cancellationToken)
   at Microsoft.AspNetCore.Server.Kestrel.Core.Internal.AddressBinder.BindAsync(ListenOptions[] listenOptions, AddressBindContext context, Func`2 useHttps, CancellationToken cancellationToken)
   at Microsoft.AspNetCore.Server.Kestrel.Core.KestrelServerImpl.BindAsync(CancellationToken cancellationToken)
   at Microsoft.AspNetCore.Server.Kestrel.Core.KestrelServerImpl.StartAsync[TContext](IHttpApplication`1 application, CancellationToken cancellationToken)
   at Microsoft.AspNetCore.Hosting.GenericWebHostService.StartAsync(CancellationToken cancellationToken)
   at Microsoft.Extensions.Hosting.Internal.Host.<StartAsync>b__15_1(IHostedService service, CancellationToken token)
   at Microsoft.Extensions.Hosting.Internal.Host.ForeachService[T](IEnumerable`1 services, CancellationToken token, Boolean concurrent, Boolean abortOnFirstException, List`1 exceptions, Func`3 operation)
   at Microsoft.Extensions.Hosting.Internal.Host.StartAsync(CancellationToken cancellationToken)
   at Microsoft.Extensions.Hosting.HostingAbstractionsHostExtensions.RunAsync(IHost host, CancellationToken token)
   at Microsoft.Extensions.Hosting.HostingAbstractionsHostExtensions.RunAsync(IHost host, CancellationToken token)
   at Microsoft.Extensions.Hosting.HostingAbstractionsHostExtensions.Run(IHost host)
   at Program.<Main>$(String[] args) in D:\term 9\wardmate-backend\src\Services\WardMate.Services.DocumentForm\WardMate.Services.DocumentForm.API\Program.cs:line 102
2026-10-01 11:19:15.326 +07:00 [INF] : WardMate.Services.DocumentForm started successfully.
2026-10-01 11:19:15.393 +07:00 [INF] Microsoft.Hosting.Lifetime: Now listening on: http://localhost:5004
2026-10-01 11:19:15.397 +07:00 [INF] Microsoft.Hosting.Lifetime: Application started. Press Ctrl+C to shut down.
2026-10-01 11:19:15.397 +07:00 [INF] Microsoft.Hosting.Lifetime: Hosting environment: Development
2026-10-01 11:19:15.397 +07:00 [INF] Microsoft.Hosting.Lifetime: Content root path: D:\term 9\wardmate-backend\src\Services\WardMate.Services.DocumentForm\WardMate.Services.DocumentForm.API
2026-10-01 11:19:44.119 +07:00 [WRN] WardMate.SharedKernel.Logging.RequestLoggingMiddleware: HTTP POST /api/v1/form-templates/f0697f38-f4ab-4e80-a4c8-8023e0d53da2/versions  => 400 [74ms] | IP: ::1 | TraceId: 0HNOVECS8G89U:00000001
2026-10-01 11:19:44.123 +07:00 [INF] Serilog.AspNetCore.RequestLoggingMiddleware: HTTP POST /api/v1/form-templates/f0697f38-f4ab-4e80-a4c8-8023e0d53da2/versions responded 400 in 82.985 ms
2026-10-01 11:20:01.220 +07:00 [WRN] WardMate.SharedKernel.Logging.RequestLoggingMiddleware: HTTP POST /api/v1/form-templates/f0697f38-f4ab-4e80-a4c8-8023e0d53da2/versions  => 400 [3ms] | IP: ::1 | TraceId: 0HNOVECS8G89V:00000001
2026-10-01 11:20:01.220 +07:00 [INF] Serilog.AspNetCore.RequestLoggingMiddleware: HTTP POST /api/v1/form-templates/f0697f38-f4ab-4e80-a4c8-8023e0d53da2/versions responded 400 in 3.701 ms
2026-10-01 11:20:18.435 +07:00 [WRN] WardMate.SharedKernel.Logging.RequestLoggingMiddleware: HTTP POST /api/v1/form-templates/f0697f38-f4ab-4e80-a4c8-8023e0d53da2/versions  => 400 [4ms] | IP: ::1 | TraceId: 0HNOVECS8G8A0:00000001
2026-10-01 11:20:18.436 +07:00 [INF] Serilog.AspNetCore.RequestLoggingMiddleware: HTTP POST /api/v1/form-templates/f0697f38-f4ab-4e80-a4c8-8023e0d53da2/versions responded 400 in 4.469 ms
2026-10-01 11:22:43.764 +07:00 [WRN] WardMate.SharedKernel.Logging.RequestLoggingMiddleware: HTTP POST /api/v1/form-templates/9960c8fa-5276-437b-9da8-0179f6aacec2/versions  => 400 [31ms] | IP: ::1 | TraceId: 0HNOVECS8G8A1:00000001
2026-10-01 11:22:43.764 +07:00 [INF] Serilog.AspNetCore.RequestLoggingMiddleware: HTTP POST /api/v1/form-templates/9960c8fa-5276-437b-9da8-0179f6aacec2/versions responded 400 in 32.156 ms
2026-10-01 11:22:51.071 +07:00 [WRN] WardMate.SharedKernel.Logging.RequestLoggingMiddleware: HTTP POST /api/v1/form-templates/9960c8fa-5276-437b-9da8-0179f6aacec2/versions  => 400 [2ms] | IP: ::1 | TraceId: 0HNOVECS8G8A2:00000001
2026-10-01 11:22:51.071 +07:00 [INF] Serilog.AspNetCore.RequestLoggingMiddleware: HTTP POST /api/v1/form-templates/9960c8fa-5276-437b-9da8-0179f6aacec2/versions responded 400 in 2.985 ms
2026-10-01 11:23:05.680 +07:00 [ERR] Microsoft.AspNetCore.Diagnostics.ExceptionHandlerMiddleware: An unhandled exception has occurred while executing the request.
Microsoft.EntityFrameworkCore.DbUpdateConcurrencyException: The database operation was expected to affect 1 row(s), but actually affected 0 row(s); data may have been modified or deleted since entities were loaded. See https://go.microsoft.com/fwlink/?LinkId=527962 for information on understanding and handling optimistic concurrency exceptions.
   at Npgsql.EntityFrameworkCore.PostgreSQL.Update.Internal.NpgsqlModificationCommandBatch.ThrowAggregateUpdateConcurrencyExceptionAsync(RelationalDataReader reader, Int32 commandIndex, Int32 expectedRowsAffected, Int32 rowsAffected, CancellationToken cancellationToken)
   at Npgsql.EntityFrameworkCore.PostgreSQL.Update.Internal.NpgsqlModificationCommandBatch.Consume(RelationalDataReader reader, Boolean async, CancellationToken cancellationToken)
   at Microsoft.EntityFrameworkCore.Update.ReaderModificationCommandBatch.ExecuteAsync(IRelationalConnection connection, CancellationToken cancellationToken)
   at Microsoft.EntityFrameworkCore.Update.ReaderModificationCommandBatch.ExecuteAsync(IRelationalConnection connection, CancellationToken cancellationToken)
   at Microsoft.EntityFrameworkCore.Update.Internal.BatchExecutor.ExecuteAsync(IEnumerable`1 commandBatches, IRelationalConnection connection, CancellationToken cancellationToken)
   at Microsoft.EntityFrameworkCore.Update.Internal.BatchExecutor.ExecuteAsync(IEnumerable`1 commandBatches, IRelationalConnection connection, CancellationToken cancellationToken)
   at Microsoft.EntityFrameworkCore.Update.Internal.BatchExecutor.ExecuteAsync(IEnumerable`1 commandBatches, IRelationalConnection connection, CancellationToken cancellationToken)
   at Microsoft.EntityFrameworkCore.ChangeTracking.Internal.StateManager.SaveChangesAsync(IList`1 entriesToSave, CancellationToken cancellationToken)
   at Microsoft.EntityFrameworkCore.ChangeTracking.Internal.StateManager.SaveChangesAsync(StateManager stateManager, Boolean acceptAllChangesOnSuccess, CancellationToken cancellationToken)
   at Npgsql.EntityFrameworkCore.PostgreSQL.Storage.Internal.NpgsqlExecutionStrategy.ExecuteAsync[TState,TResult](TState state, Func`4 operation, Func`4 verifySucceeded, CancellationToken cancellationToken)
   at Microsoft.EntityFrameworkCore.DbContext.SaveChangesAsync(Boolean acceptAllChangesOnSuccess, CancellationToken cancellationToken)
   at WardMate.Services.DocumentForm.Application.Commands.CreateFormTemplateVersionCommandHandler.Handle(CreateFormTemplateVersionCommand request, CancellationToken cancellationToken) in D:\term 9\wardmate-backend\src\Services\WardMate.Services.DocumentForm\WardMate.Services.DocumentForm.Application\Commands\CreateFormTemplateVersionCommand.cs:line 44
   at WardMate.Services.DocumentForm.API.Controllers.FormTemplatesController.AddVersion(Guid templateId, AddSchemaVersionRequest request, CancellationToken cancellationToken) in D:\term 9\wardmate-backend\src\Services\WardMate.Services.DocumentForm\WardMate.Services.DocumentForm.API\Controllers\FormTemplatesController.cs:line 105
   at Microsoft.AspNetCore.Mvc.Infrastructure.ActionMethodExecutor.TaskOfIActionResultExecutor.Execute(ActionContext actionContext, IActionResultTypeMapper mapper, ObjectMethodExecutor executor, Object controller, Object[] arguments)
   at Microsoft.AspNetCore.Mvc.Infrastructure.ControllerActionInvoker.<InvokeActionMethodAsync>g__Awaited|12_0(ControllerActionInvoker invoker, ValueTask`1 actionResultValueTask)
   at Microsoft.AspNetCore.Mvc.Infrastructure.ControllerActionInvoker.<InvokeNextActionFilterAsync>g__Awaited|10_0(ControllerActionInvoker invoker, Task lastTask, State next, Scope scope, Object state, Boolean isCompleted)
   at Microsoft.AspNetCore.Mvc.Infrastructure.ControllerActionInvoker.Rethrow(ActionExecutedContextSealed context)
   at Microsoft.AspNetCore.Mvc.Infrastructure.ControllerActionInvoker.Next(State& next, Scope& scope, Object& state, Boolean& isCompleted)
   at Microsoft.AspNetCore.Mvc.Infrastructure.ControllerActionInvoker.<InvokeInnerFilterAsync>g__Awaited|13_0(ControllerActionInvoker invoker, Task lastTask, State next, Scope scope, Object state, Boolean isCompleted)
   at Microsoft.AspNetCore.Mvc.Infrastructure.ResourceInvoker.<InvokeFilterPipelineAsync>g__Awaited|20_0(ResourceInvoker invoker, Task lastTask, State next, Scope scope, Object state, Boolean isCompleted)
   at Microsoft.AspNetCore.Mvc.Infrastructure.ResourceInvoker.<InvokeAsync>g__Awaited|17_0(ResourceInvoker invoker, Task task, IDisposable scope)
   at Microsoft.AspNetCore.Mvc.Infrastructure.ResourceInvoker.<InvokeAsync>g__Awaited|17_0(ResourceInvoker invoker, Task task, IDisposable scope)
   at Swashbuckle.AspNetCore.SwaggerUI.SwaggerUIMiddleware.Invoke(HttpContext httpContext)
   at Swashbuckle.AspNetCore.Swagger.SwaggerMiddleware.Invoke(HttpContext httpContext, ISwaggerProvider swaggerProvider)
   at Microsoft.AspNetCore.Diagnostics.StatusCodePagesMiddleware.Invoke(HttpContext context)
   at Microsoft.AspNetCore.Diagnostics.ExceptionHandlerMiddlewareImpl.<Invoke>g__Awaited|10_0(ExceptionHandlerMiddlewareImpl middleware, HttpContext context, Task task)
2026-10-01 11:23:05.693 +07:00 [ERR] WardMate.SharedKernel.Web.GlobalExceptionHandler: Unhandled request exception. TraceId: 00-545de4711f6551550b7d65946dbcbf81-330ac59fd054d6cf-00
Microsoft.EntityFrameworkCore.DbUpdateConcurrencyException: The database operation was expected to affect 1 row(s), but actually affected 0 row(s); data may have been modified or deleted since entities were loaded. See https://go.microsoft.com/fwlink/?LinkId=527962 for information on understanding and handling optimistic concurrency exceptions.
   at Npgsql.EntityFrameworkCore.PostgreSQL.Update.Internal.NpgsqlModificationCommandBatch.ThrowAggregateUpdateConcurrencyExceptionAsync(RelationalDataReader reader, Int32 commandIndex, Int32 expectedRowsAffected, Int32 rowsAffected, CancellationToken cancellationToken)
   at Npgsql.EntityFrameworkCore.PostgreSQL.Update.Internal.NpgsqlModificationCommandBatch.Consume(RelationalDataReader reader, Boolean async, CancellationToken cancellationToken)
   at Microsoft.EntityFrameworkCore.Update.ReaderModificationCommandBatch.ExecuteAsync(IRelationalConnection connection, CancellationToken cancellationToken)
   at Microsoft.EntityFrameworkCore.Update.ReaderModificationCommandBatch.ExecuteAsync(IRelationalConnection connection, CancellationToken cancellationToken)
   at Microsoft.EntityFrameworkCore.Update.Internal.BatchExecutor.ExecuteAsync(IEnumerable`1 commandBatches, IRelationalConnection connection, CancellationToken cancellationToken)
   at Microsoft.EntityFrameworkCore.Update.Internal.BatchExecutor.ExecuteAsync(IEnumerable`1 commandBatches, IRelationalConnection connection, CancellationToken cancellationToken)
   at Microsoft.EntityFrameworkCore.Update.Internal.BatchExecutor.ExecuteAsync(IEnumerable`1 commandBatches, IRelationalConnection connection, CancellationToken cancellationToken)
   at Microsoft.EntityFrameworkCore.ChangeTracking.Internal.StateManager.SaveChangesAsync(IList`1 entriesToSave, CancellationToken cancellationToken)
   at Microsoft.EntityFrameworkCore.ChangeTracking.Internal.StateManager.SaveChangesAsync(StateManager stateManager, Boolean acceptAllChangesOnSuccess, CancellationToken cancellationToken)
   at Npgsql.EntityFrameworkCore.PostgreSQL.Storage.Internal.NpgsqlExecutionStrategy.ExecuteAsync[TState,TResult](TState state, Func`4 operation, Func`4 verifySucceeded, CancellationToken cancellationToken)
   at Microsoft.EntityFrameworkCore.DbContext.SaveChangesAsync(Boolean acceptAllChangesOnSuccess, CancellationToken cancellationToken)
   at WardMate.Services.DocumentForm.Application.Commands.CreateFormTemplateVersionCommandHandler.Handle(CreateFormTemplateVersionCommand request, CancellationToken cancellationToken) in D:\term 9\wardmate-backend\src\Services\WardMate.Services.DocumentForm\WardMate.Services.DocumentForm.Application\Commands\CreateFormTemplateVersionCommand.cs:line 44
   at WardMate.Services.DocumentForm.API.Controllers.FormTemplatesController.AddVersion(Guid templateId, AddSchemaVersionRequest request, CancellationToken cancellationToken) in D:\term 9\wardmate-backend\src\Services\WardMate.Services.DocumentForm\WardMate.Services.DocumentForm.API\Controllers\FormTemplatesController.cs:line 105
   at Microsoft.AspNetCore.Mvc.Infrastructure.ActionMethodExecutor.TaskOfIActionResultExecutor.Execute(ActionContext actionContext, IActionResultTypeMapper mapper, ObjectMethodExecutor executor, Object controller, Object[] arguments)
   at Microsoft.AspNetCore.Mvc.Infrastructure.ControllerActionInvoker.<InvokeActionMethodAsync>g__Awaited|12_0(ControllerActionInvoker invoker, ValueTask`1 actionResultValueTask)
   at Microsoft.AspNetCore.Mvc.Infrastructure.ControllerActionInvoker.<InvokeNextActionFilterAsync>g__Awaited|10_0(ControllerActionInvoker invoker, Task lastTask, State next, Scope scope, Object state, Boolean isCompleted)
   at Microsoft.AspNetCore.Mvc.Infrastructure.ControllerActionInvoker.Rethrow(ActionExecutedContextSealed context)
   at Microsoft.AspNetCore.Mvc.Infrastructure.ControllerActionInvoker.Next(State& next, Scope& scope, Object& state, Boolean& isCompleted)
   at Microsoft.AspNetCore.Mvc.Infrastructure.ControllerActionInvoker.<InvokeInnerFilterAsync>g__Awaited|13_0(ControllerActionInvoker invoker, Task lastTask, State next, Scope scope, Object state, Boolean isCompleted)
   at Microsoft.AspNetCore.Mvc.Infrastructure.ResourceInvoker.<InvokeFilterPipelineAsync>g__Awaited|20_0(ResourceInvoker invoker, Task lastTask, State next, Scope scope, Object state, Boolean isCompleted)
   at Microsoft.AspNetCore.Mvc.Infrastructure.ResourceInvoker.<InvokeAsync>g__Awaited|17_0(ResourceInvoker invoker, Task task, IDisposable scope)
   at Microsoft.AspNetCore.Mvc.Infrastructure.ResourceInvoker.<InvokeAsync>g__Awaited|17_0(ResourceInvoker invoker, Task task, IDisposable scope)
   at Swashbuckle.AspNetCore.SwaggerUI.SwaggerUIMiddleware.Invoke(HttpContext httpContext)
   at Swashbuckle.AspNetCore.Swagger.SwaggerMiddleware.Invoke(HttpContext httpContext, ISwaggerProvider swaggerProvider)
   at Microsoft.AspNetCore.Diagnostics.StatusCodePagesMiddleware.Invoke(HttpContext context)
   at Microsoft.AspNetCore.Diagnostics.ExceptionHandlerMiddlewareImpl.<Invoke>g__Awaited|10_0(ExceptionHandlerMiddlewareImpl middleware, HttpContext context, Task task)
2026-10-01 11:23:05.701 +07:00 [ERR] WardMate.SharedKernel.Logging.RequestLoggingMiddleware: HTTP POST /api/v1/form-templates/9960c8fa-5276-437b-9da8-0179f6aacec2/versions  => 500 [373ms] | IP: ::1 | TraceId: 0HNOVECS8G8A3:00000001
2026-10-01 11:23:05.701 +07:00 [ERR] Serilog.AspNetCore.RequestLoggingMiddleware: HTTP POST /api/v1/form-templates/9960c8fa-5276-437b-9da8-0179f6aacec2/versions responded 500 in 374.277 ms
2026-10-01 11:26:48.249 +07:00 [INF] : WardMate.Services.DocumentForm started successfully.
2026-10-01 11:26:48.354 +07:00 [INF] Microsoft.Hosting.Lifetime: Now listening on: http://localhost:5004
2026-10-01 11:26:48.359 +07:00 [INF] Microsoft.Hosting.Lifetime: Application started. Press Ctrl+C to shut down.
2026-10-01 11:26:48.359 +07:00 [INF] Microsoft.Hosting.Lifetime: Hosting environment: Development
2026-10-01 11:26:48.359 +07:00 [INF] Microsoft.Hosting.Lifetime: Content root path: D:\term 9\wardmate-backend\src\Services\WardMate.Services.DocumentForm\WardMate.Services.DocumentForm.API
2026-10-01 11:27:19.328 +07:00 [INF] WardMate.SharedKernel.Logging.RequestLoggingMiddleware: HTTP POST /api/v1/form-templates/9960c8fa-5276-437b-9da8-0179f6aacec2/versions  => 201 [719ms] | IP: ::1 | TraceId: 0HNOVEH3NGCOK:00000001
2026-10-01 11:27:19.332 +07:00 [INF] Serilog.AspNetCore.RequestLoggingMiddleware: HTTP POST /api/v1/form-templates/9960c8fa-5276-437b-9da8-0179f6aacec2/versions responded 201 in 729.043 ms
2026-10-01 11:27:50.282 +07:00 [WRN] WardMate.SharedKernel.Logging.RequestLoggingMiddleware: HTTP POST /api/v1/form-templates/9960c8fa-5276-437b-9da8-0179f6aacec2/versions  => 400 [14ms] | IP: ::1 | TraceId: 0HNOVEH3NGCOL:00000001
2026-10-01 11:27:50.282 +07:00 [INF] Serilog.AspNetCore.RequestLoggingMiddleware: HTTP POST /api/v1/form-templates/9960c8fa-5276-437b-9da8-0179f6aacec2/versions responded 400 in 14.776 ms
2026-10-01 11:27:58.701 +07:00 [INF] WardMate.SharedKernel.Logging.RequestLoggingMiddleware: HTTP POST /api/v1/form-templates/9960c8fa-5276-437b-9da8-0179f6aacec2/versions  => 201 [77ms] | IP: ::1 | TraceId: 0HNOVEH3NGCOM:00000001
2026-10-01 11:27:58.701 +07:00 [INF] Serilog.AspNetCore.RequestLoggingMiddleware: HTTP POST /api/v1/form-templates/9960c8fa-5276-437b-9da8-0179f6aacec2/versions responded 201 in 77.523 ms
2026-10-01 11:35:13.054 +07:00 [INF] : WardMate.Services.DocumentForm started successfully.
2026-10-01 11:35:13.123 +07:00 [INF] Microsoft.Hosting.Lifetime: Now listening on: http://localhost:5004
2026-10-01 11:35:13.128 +07:00 [INF] Microsoft.Hosting.Lifetime: Application started. Press Ctrl+C to shut down.
2026-10-01 11:35:13.130 +07:00 [INF] Microsoft.Hosting.Lifetime: Hosting environment: Development
2026-10-01 11:35:13.132 +07:00 [INF] Microsoft.Hosting.Lifetime: Content root path: D:\term 9\wardmate-backend\src\Services\WardMate.Services.DocumentForm\WardMate.Services.DocumentForm.API
2026-10-01 11:35:19.068 +07:00 [INF] WardMate.SharedKernel.Logging.RequestLoggingMiddleware: HTTP GET /swagger/index.html  => 200 [119ms] | IP: ::1 | TraceId: 0HNOVELIRKJ92:00000001
2026-10-01 11:35:19.077 +07:00 [INF] WardMate.SharedKernel.Logging.RequestLoggingMiddleware: HTTP GET /swagger/index.js  => 200 [5ms] | IP: ::1 | TraceId: 0HNOVELIRKJ93:00000001
2026-10-01 11:35:19.108 +07:00 [INF] Serilog.AspNetCore.RequestLoggingMiddleware: HTTP GET /swagger/index.html responded 200 in 175.506 ms
2026-10-01 11:35:19.111 +07:00 [INF] Serilog.AspNetCore.RequestLoggingMiddleware: HTTP GET /swagger/index.js responded 200 in 38.983 ms
2026-10-01 11:35:19.436 +07:00 [INF] WardMate.SharedKernel.Logging.RequestLoggingMiddleware: HTTP GET /swagger/v1/swagger.json  => 200 [234ms] | IP: ::1 | TraceId: 0HNOVELIRKJ93:00000002
2026-10-01 11:35:19.444 +07:00 [INF] Serilog.AspNetCore.RequestLoggingMiddleware: HTTP GET /swagger/v1/swagger.json responded 200 in 242.711 ms
2026-10-01 11:35:40.817 +07:00 [INF] WardMate.SharedKernel.Logging.RequestLoggingMiddleware: HTTP POST /api/v1/form-templates/f0697f38-f4ab-4e80-a4c8-8023e0d53da2/versions  => 201 [1010ms] | IP: ::1 | TraceId: 0HNOVELIRKJ93:00000003
2026-10-01 11:35:40.825 +07:00 [INF] Serilog.AspNetCore.RequestLoggingMiddleware: HTTP POST /api/v1/form-templates/f0697f38-f4ab-4e80-a4c8-8023e0d53da2/versions responded 201 in 1018.626 ms
2026-10-01 11:35:52.984 +07:00 [INF] WardMate.SharedKernel.Logging.RequestLoggingMiddleware: HTTP GET /api/v1/form-templates ?page=1&pageSize=20&isActive=true => 200 [244ms] | IP: ::1 | TraceId: 0HNOVELIRKJ93:00000004
2026-10-01 11:35:52.995 +07:00 [INF] Serilog.AspNetCore.RequestLoggingMiddleware: HTTP GET /api/v1/form-templates responded 200 in 255.125 ms
2026-10-01 11:38:19.856 +07:00 [ERR] Microsoft.AspNetCore.Diagnostics.ExceptionHandlerMiddleware: An unhandled exception has occurred while executing the request.
System.AggregateException: Retry failed after 6 tries. Retry settings can be adjusted in ClientOptions.Retry or by configuring a custom retry policy in ClientOptions.RetryPolicy. (No connection could be made because the target machine actively refused it. (127.0.0.1:10000)) (No connection could be made because the target machine actively refused it. (127.0.0.1:10000)) (No connection could be made because the target machine actively refused it. (127.0.0.1:10000)) (No connection could be made because the target machine actively refused it. (127.0.0.1:10000)) (No connection could be made because the target machine actively refused it. (127.0.0.1:10000)) (No connection could be made because the target machine actively refused it. (127.0.0.1:10000))
 ---> Azure.RequestFailedException: No connection could be made because the target machine actively refused it. (127.0.0.1:10000)
 ---> System.Net.Http.HttpRequestException: No connection could be made because the target machine actively refused it. (127.0.0.1:10000)
 ---> System.Net.Sockets.SocketException (10061): No connection could be made because the target machine actively refused it.
   at System.Net.Sockets.Socket.AwaitableSocketAsyncEventArgs.ThrowException(SocketError error, CancellationToken cancellationToken)
   at System.Net.Sockets.Socket.AwaitableSocketAsyncEventArgs.System.Threading.Tasks.Sources.IValueTaskSource.GetResult(Int16 token)
   at System.Net.Sockets.Socket.<ConnectAsync>g__WaitForConnectWithCancellation|285_0(AwaitableSocketAsyncEventArgs saea, ValueTask connectTask, CancellationToken cancellationToken)
   at System.Net.Http.HttpConnectionPool.ConnectToTcpHostAsync(String host, Int32 port, HttpRequestMessage initialRequest, Boolean async, CancellationToken cancellationToken)
   --- End of inner exception stack trace ---
   at System.Net.Http.HttpConnectionPool.ConnectToTcpHostAsync(String host, Int32 port, HttpRequestMessage initialRequest, Boolean async, CancellationToken cancellationToken)
   at System.Net.Http.HttpConnectionPool.ConnectAsync(HttpRequestMessage request, Boolean async, CancellationToken cancellationToken)
   at System.Net.Http.HttpConnectionPool.CreateHttp11ConnectionAsync(HttpRequestMessage request, Boolean async, CancellationToken cancellationToken)
   at System.Net.Http.HttpConnectionPool.AddHttp11ConnectionAsync(QueueItem queueItem)
   at System.Threading.Tasks.TaskCompletionSourceWithCancellation`1.WaitWithCancellationAsync(CancellationToken cancellationToken)
   at System.Net.Http.HttpConnectionPool.SendWithVersionDetectionAndRetryAsync(HttpRequestMessage request, Boolean async, Boolean doRequestAuth, CancellationToken cancellationToken)
   at System.Net.Http.DiagnosticsHandler.SendAsyncCore(HttpRequestMessage request, Boolean async, CancellationToken cancellationToken)
   at System.Net.Http.HttpClient.<SendAsync>g__Core|83_0(HttpRequestMessage request, HttpCompletionOption completionOption, CancellationTokenSource cts, Boolean disposeCts, CancellationTokenSource pendingRequestsCts, CancellationToken originalCancellationToken)
   at Azure.Core.Pipeline.HttpClientTransport.ProcessSyncOrAsync(HttpMessage message, Boolean async)
   --- End of inner exception stack trace ---
   at Azure.Core.Pipeline.HttpClientTransport.ProcessSyncOrAsync(HttpMessage message, Boolean async)
   at Azure.Core.Pipeline.HttpPipelineTransportPolicy.ProcessAsync(HttpMessage message, ReadOnlyMemory`1 pipeline)
   at Azure.Core.Pipeline.ResponseBodyPolicy.ProcessAsync(HttpMessage message, ReadOnlyMemory`1 pipeline, Boolean async)
   at Azure.Core.Pipeline.HttpPipelineSynchronousPolicy.InnerProcessAsync(HttpMessage message, ReadOnlyMemory`1 pipeline)
   at Azure.Core.Pipeline.RedirectPolicy.ProcessAsync(HttpMessage message, ReadOnlyMemory`1 pipeline, Boolean async)
   at Azure.Core.Pipeline.RetryPolicy.ProcessAsync(HttpMessage message, ReadOnlyMemory`1 pipeline, Boolean async)
   --- End of inner exception stack trace ---
   at Azure.Core.Pipeline.RetryPolicy.ProcessAsync(HttpMessage message, ReadOnlyMemory`1 pipeline, Boolean async)
   at Azure.Core.Pipeline.HttpPipelineSynchronousPolicy.InnerProcessAsync(HttpMessage message, ReadOnlyMemory`1 pipeline)
   at Azure.Storage.Blobs.ContainerRestClient.CreateAsync(Nullable`1 timeout, IDictionary`2 metadata, Nullable`1 access, String defaultEncryptionScope, Nullable`1 preventEncryptionScopeOverride, CancellationToken cancellationToken)
   at Azure.Storage.Blobs.BlobContainerClient.CreateInternal(PublicAccessType publicAccessType, IDictionary`2 metadata, BlobContainerEncryptionScopeOptions encryptionScopeOptions, Boolean async, CancellationToken cancellationToken, String operationName)
   at Azure.Storage.Blobs.BlobContainerClient.CreateIfNotExistsInternal(PublicAccessType publicAccessType, IDictionary`2 metadata, BlobContainerEncryptionScopeOptions encryptionScopeOptions, Boolean async, CancellationToken cancellationToken)
   at Azure.Storage.Blobs.BlobContainerClient.CreateIfNotExistsAsync(PublicAccessType publicAccessType, IDictionary`2 metadata, BlobContainerEncryptionScopeOptions encryptionScopeOptions, CancellationToken cancellationToken)
   at WardMate.SharedKernel.Blob.AzureBlobStorageClient.GetOrCreateContainerAsync(String overrideName, CancellationToken ct) in D:\term 9\wardmate-backend\src\BuildingBlocks\WardMate.SharedKernel\Blob\AzureBlobStorageClient.cs:line 114
   at WardMate.SharedKernel.Blob.AzureBlobStorageClient.UploadAsync(Stream stream, String blobName, String contentType, String containerName, CancellationToken ct) in D:\term 9\wardmate-backend\src\BuildingBlocks\WardMate.SharedKernel\Blob\AzureBlobStorageClient.cs:line 29
   at WardMate.Services.DocumentForm.Application.Commands.UploadFormTemplateDocxCommandHandler.Handle(UploadFormTemplateDocxCommand request, CancellationToken cancellationToken) in D:\term 9\wardmate-backend\src\Services\WardMate.Services.DocumentForm\WardMate.Services.DocumentForm.Application\Commands\UploadFormTemplateDocxCommand.cs:line 89
   at WardMate.Services.DocumentForm.API.Controllers.FormTemplatesController.UploadDocx(Guid templateId, IFormFile file, CancellationToken cancellationToken) in D:\term 9\wardmate-backend\src\Services\WardMate.Services.DocumentForm\WardMate.Services.DocumentForm.API\Controllers\FormTemplatesController.cs:line 145
   at Microsoft.AspNetCore.Mvc.Infrastructure.ActionMethodExecutor.TaskOfIActionResultExecutor.Execute(ActionContext actionContext, IActionResultTypeMapper mapper, ObjectMethodExecutor executor, Object controller, Object[] arguments)
   at Microsoft.AspNetCore.Mvc.Infrastructure.ControllerActionInvoker.<InvokeActionMethodAsync>g__Awaited|12_0(ControllerActionInvoker invoker, ValueTask`1 actionResultValueTask)
   at Microsoft.AspNetCore.Mvc.Infrastructure.ControllerActionInvoker.<InvokeNextActionFilterAsync>g__Awaited|10_0(ControllerActionInvoker invoker, Task lastTask, State next, Scope scope, Object state, Boolean isCompleted)
   at Microsoft.AspNetCore.Mvc.Infrastructure.ControllerActionInvoker.Rethrow(ActionExecutedContextSealed context)
   at Microsoft.AspNetCore.Mvc.Infrastructure.ControllerActionInvoker.Next(State& next, Scope& scope, Object& state, Boolean& isCompleted)
   at Microsoft.AspNetCore.Mvc.Infrastructure.ControllerActionInvoker.<InvokeInnerFilterAsync>g__Awaited|13_0(ControllerActionInvoker invoker, Task lastTask, State next, Scope scope, Object state, Boolean isCompleted)
   at Microsoft.AspNetCore.Mvc.Infrastructure.ResourceInvoker.<InvokeNextResourceFilter>g__Awaited|25_0(ResourceInvoker invoker, Task lastTask, State next, Scope scope, Object state, Boolean isCompleted)
   at Microsoft.AspNetCore.Mvc.Infrastructure.ResourceInvoker.Rethrow(ResourceExecutedContextSealed context)
   at Microsoft.AspNetCore.Mvc.Infrastructure.ResourceInvoker.Next(State& next, Scope& scope, Object& state, Boolean& isCompleted)
   at Microsoft.AspNetCore.Mvc.Infrastructure.ResourceInvoker.<InvokeFilterPipelineAsync>g__Awaited|20_0(ResourceInvoker invoker, Task lastTask, State next, Scope scope, Object state, Boolean isCompleted)
   at Microsoft.AspNetCore.Mvc.Infrastructure.ResourceInvoker.<InvokeAsync>g__Awaited|17_0(ResourceInvoker invoker, Task task, IDisposable scope)
   at Microsoft.AspNetCore.Mvc.Infrastructure.ResourceInvoker.<InvokeAsync>g__Awaited|17_0(ResourceInvoker invoker, Task task, IDisposable scope)
   at Swashbuckle.AspNetCore.SwaggerUI.SwaggerUIMiddleware.Invoke(HttpContext httpContext)
   at Swashbuckle.AspNetCore.Swagger.SwaggerMiddleware.Invoke(HttpContext httpContext, ISwaggerProvider swaggerProvider)
   at Microsoft.AspNetCore.Diagnostics.StatusCodePagesMiddleware.Invoke(HttpContext context)
   at Microsoft.AspNetCore.Diagnostics.ExceptionHandlerMiddlewareImpl.<Invoke>g__Awaited|10_0(ExceptionHandlerMiddlewareImpl middleware, HttpContext context, Task task)
 ---> (Inner Exception #1) Azure.RequestFailedException: No connection could be made because the target machine actively refused it. (127.0.0.1:10000)
 ---> System.Net.Http.HttpRequestException: No connection could be made because the target machine actively refused it. (127.0.0.1:10000)
 ---> System.Net.Sockets.SocketException (10061): No connection could be made because the target machine actively refused it.
   at System.Net.Sockets.Socket.AwaitableSocketAsyncEventArgs.ThrowException(SocketError error, CancellationToken cancellationToken)
   at System.Net.Sockets.Socket.AwaitableSocketAsyncEventArgs.System.Threading.Tasks.Sources.IValueTaskSource.GetResult(Int16 token)
   at System.Net.Sockets.Socket.<ConnectAsync>g__WaitForConnectWithCancellation|285_0(AwaitableSocketAsyncEventArgs saea, ValueTask connectTask, CancellationToken cancellationToken)
   at System.Net.Http.HttpConnectionPool.ConnectToTcpHostAsync(String host, Int32 port, HttpRequestMessage initialRequest, Boolean async, CancellationToken cancellationToken)
   --- End of inner exception stack trace ---
   at System.Net.Http.HttpConnectionPool.ConnectToTcpHostAsync(String host, Int32 port, HttpRequestMessage initialRequest, Boolean async, CancellationToken cancellationToken)
   at System.Net.Http.HttpConnectionPool.ConnectAsync(HttpRequestMessage request, Boolean async, CancellationToken cancellationToken)
   at System.Net.Http.HttpConnectionPool.CreateHttp11ConnectionAsync(HttpRequestMessage request, Boolean async, CancellationToken cancellationToken)
   at System.Net.Http.HttpConnectionPool.AddHttp11ConnectionAsync(QueueItem queueItem)
   at System.Threading.Tasks.TaskCompletionSourceWithCancellation`1.WaitWithCancellationAsync(CancellationToken cancellationToken)
   at System.Net.Http.HttpConnectionPool.SendWithVersionDetectionAndRetryAsync(HttpRequestMessage request, Boolean async, Boolean doRequestAuth, CancellationToken cancellationToken)
   at System.Net.Http.DiagnosticsHandler.SendAsyncCore(HttpRequestMessage request, Boolean async, CancellationToken cancellationToken)
   at System.Net.Http.HttpClient.<SendAsync>g__Core|83_0(HttpRequestMessage request, HttpCompletionOption completionOption, CancellationTokenSource cts, Boolean disposeCts, CancellationTokenSource pendingRequestsCts, CancellationToken originalCancellationToken)
   at Azure.Core.Pipeline.HttpClientTransport.ProcessSyncOrAsync(HttpMessage message, Boolean async)
   --- End of inner exception stack trace ---
   at Azure.Core.Pipeline.HttpClientTransport.ProcessSyncOrAsync(HttpMessage message, Boolean async)
   at Azure.Core.Pipeline.HttpPipelineTransportPolicy.ProcessAsync(HttpMessage message, ReadOnlyMemory`1 pipeline)
   at Azure.Core.Pipeline.ResponseBodyPolicy.ProcessAsync(HttpMessage message, ReadOnlyMemory`1 pipeline, Boolean async)
   at Azure.Core.Pipeline.HttpPipelineSynchronousPolicy.InnerProcessAsync(HttpMessage message, ReadOnlyMemory`1 pipeline)
   at Azure.Core.Pipeline.RedirectPolicy.ProcessAsync(HttpMessage message, ReadOnlyMemory`1 pipeline, Boolean async)
   at Azure.Core.Pipeline.RetryPolicy.ProcessAsync(HttpMessage message, ReadOnlyMemory`1 pipeline, Boolean async)<---

 ---> (Inner Exception #2) Azure.RequestFailedException: No connection could be made because the target machine actively refused it. (127.0.0.1:10000)
 ---> System.Net.Http.HttpRequestException: No connection could be made because the target machine actively refused it. (127.0.0.1:10000)
 ---> System.Net.Sockets.SocketException (10061): No connection could be made because the target machine actively refused it.
   at System.Net.Sockets.Socket.AwaitableSocketAsyncEventArgs.ThrowException(SocketError error, CancellationToken cancellationToken)
   at System.Net.Sockets.Socket.AwaitableSocketAsyncEventArgs.System.Threading.Tasks.Sources.IValueTaskSource.GetResult(Int16 token)
   at System.Net.Sockets.Socket.<ConnectAsync>g__WaitForConnectWithCancellation|285_0(AwaitableSocketAsyncEventArgs saea, ValueTask connectTask, CancellationToken cancellationToken)
   at System.Net.Http.HttpConnectionPool.ConnectToTcpHostAsync(String host, Int32 port, HttpRequestMessage initialRequest, Boolean async, CancellationToken cancellationToken)
   --- End of inner exception stack trace ---
   at System.Net.Http.HttpConnectionPool.ConnectToTcpHostAsync(String host, Int32 port, HttpRequestMessage initialRequest, Boolean async, CancellationToken cancellationToken)
   at System.Net.Http.HttpConnectionPool.ConnectAsync(HttpRequestMessage request, Boolean async, CancellationToken cancellationToken)
   at System.Net.Http.HttpConnectionPool.CreateHttp11ConnectionAsync(HttpRequestMessage request, Boolean async, CancellationToken cancellationToken)
   at System.Net.Http.HttpConnectionPool.AddHttp11ConnectionAsync(QueueItem queueItem)
   at System.Threading.Tasks.TaskCompletionSourceWithCancellation`1.WaitWithCancellationAsync(CancellationToken cancellationToken)
   at System.Net.Http.HttpConnectionPool.SendWithVersionDetectionAndRetryAsync(HttpRequestMessage request, Boolean async, Boolean doRequestAuth, CancellationToken cancellationToken)
   at System.Net.Http.DiagnosticsHandler.SendAsyncCore(HttpRequestMessage request, Boolean async, CancellationToken cancellationToken)
   at System.Net.Http.HttpClient.<SendAsync>g__Core|83_0(HttpRequestMessage request, HttpCompletionOption completionOption, CancellationTokenSource cts, Boolean disposeCts, CancellationTokenSource pendingRequestsCts, CancellationToken originalCancellationToken)
   at Azure.Core.Pipeline.HttpClientTransport.ProcessSyncOrAsync(HttpMessage message, Boolean async)
   --- End of inner exception stack trace ---
   at Azure.Core.Pipeline.HttpClientTransport.ProcessSyncOrAsync(HttpMessage message, Boolean async)
   at Azure.Core.Pipeline.HttpPipelineTransportPolicy.ProcessAsync(HttpMessage message, ReadOnlyMemory`1 pipeline)
   at Azure.Core.Pipeline.ResponseBodyPolicy.ProcessAsync(HttpMessage message, ReadOnlyMemory`1 pipeline, Boolean async)
   at Azure.Core.Pipeline.HttpPipelineSynchronousPolicy.InnerProcessAsync(HttpMessage message, ReadOnlyMemory`1 pipeline)
   at Azure.Core.Pipeline.RedirectPolicy.ProcessAsync(HttpMessage message, ReadOnlyMemory`1 pipeline, Boolean async)
   at Azure.Core.Pipeline.RetryPolicy.ProcessAsync(HttpMessage message, ReadOnlyMemory`1 pipeline, Boolean async)<---

 ---> (Inner Exception #3) Azure.RequestFailedException: No connection could be made because the target machine actively refused it. (127.0.0.1:10000)
 ---> System.Net.Http.HttpRequestException: No connection could be made because the target machine actively refused it. (127.0.0.1:10000)
 ---> System.Net.Sockets.SocketException (10061): No connection could be made because the target machine actively refused it.
   at System.Net.Sockets.Socket.AwaitableSocketAsyncEventArgs.ThrowException(SocketError error, CancellationToken cancellationToken)
   at System.Net.Sockets.Socket.AwaitableSocketAsyncEventArgs.System.Threading.Tasks.Sources.IValueTaskSource.GetResult(Int16 token)
   at System.Net.Sockets.Socket.<ConnectAsync>g__WaitForConnectWithCancellation|285_0(AwaitableSocketAsyncEventArgs saea, ValueTask connectTask, CancellationToken cancellationToken)
   at System.Net.Http.HttpConnectionPool.ConnectToTcpHostAsync(String host, Int32 port, HttpRequestMessage initialRequest, Boolean async, CancellationToken cancellationToken)
   --- End of inner exception stack trace ---
   at System.Net.Http.HttpConnectionPool.ConnectToTcpHostAsync(String host, Int32 port, HttpRequestMessage initialRequest, Boolean async, CancellationToken cancellationToken)
   at System.Net.Http.HttpConnectionPool.ConnectAsync(HttpRequestMessage request, Boolean async, CancellationToken cancellationToken)
   at System.Net.Http.HttpConnectionPool.CreateHttp11ConnectionAsync(HttpRequestMessage request, Boolean async, CancellationToken cancellationToken)
   at System.Net.Http.HttpConnectionPool.AddHttp11ConnectionAsync(QueueItem queueItem)
   at System.Threading.Tasks.TaskCompletionSourceWithCancellation`1.WaitWithCancellationAsync(CancellationToken cancellationToken)
   at System.Net.Http.HttpConnectionPool.SendWithVersionDetectionAndRetryAsync(HttpRequestMessage request, Boolean async, Boolean doRequestAuth, CancellationToken cancellationToken)
   at System.Net.Http.DiagnosticsHandler.SendAsyncCore(HttpRequestMessage request, Boolean async, CancellationToken cancellationToken)
   at System.Net.Http.HttpClient.<SendAsync>g__Core|83_0(HttpRequestMessage request, HttpCompletionOption completionOption, CancellationTokenSource cts, Boolean disposeCts, CancellationTokenSource pendingRequestsCts, CancellationToken originalCancellationToken)
   at Azure.Core.Pipeline.HttpClientTransport.ProcessSyncOrAsync(HttpMessage message, Boolean async)
   --- End of inner exception stack trace ---
   at Azure.Core.Pipeline.HttpClientTransport.ProcessSyncOrAsync(HttpMessage message, Boolean async)
   at Azure.Core.Pipeline.HttpPipelineTransportPolicy.ProcessAsync(HttpMessage message, ReadOnlyMemory`1 pipeline)
   at Azure.Core.Pipeline.ResponseBodyPolicy.ProcessAsync(HttpMessage message, ReadOnlyMemory`1 pipeline, Boolean async)
   at Azure.Core.Pipeline.HttpPipelineSynchronousPolicy.InnerProcessAsync(HttpMessage message, ReadOnlyMemory`1 pipeline)
   at Azure.Core.Pipeline.RedirectPolicy.ProcessAsync(HttpMessage message, ReadOnlyMemory`1 pipeline, Boolean async)
   at Azure.Core.Pipeline.RetryPolicy.ProcessAsync(HttpMessage message, ReadOnlyMemory`1 pipeline, Boolean async)<---

 ---> (Inner Exception #4) Azure.RequestFailedException: No connection could be made because the target machine actively refused it. (127.0.0.1:10000)
 ---> System.Net.Http.HttpRequestException: No connection could be made because the target machine actively refused it. (127.0.0.1:10000)
 ---> System.Net.Sockets.SocketException (10061): No connection could be made because the target machine actively refused it.
   at System.Net.Sockets.Socket.AwaitableSocketAsyncEventArgs.ThrowException(SocketError error, CancellationToken cancellationToken)
   at System.Net.Sockets.Socket.AwaitableSocketAsyncEventArgs.System.Threading.Tasks.Sources.IValueTaskSource.GetResult(Int16 token)
   at System.Net.Sockets.Socket.<ConnectAsync>g__WaitForConnectWithCancellation|285_0(AwaitableSocketAsyncEventArgs saea, ValueTask connectTask, CancellationToken cancellationToken)
   at System.Net.Http.HttpConnectionPool.ConnectToTcpHostAsync(String host, Int32 port, HttpRequestMessage initialRequest, Boolean async, CancellationToken cancellationToken)
   --- End of inner exception stack trace ---
   at System.Net.Http.HttpConnectionPool.ConnectToTcpHostAsync(String host, Int32 port, HttpRequestMessage initialRequest, Boolean async, CancellationToken cancellationToken)
   at System.Net.Http.HttpConnectionPool.ConnectAsync(HttpRequestMessage request, Boolean async, CancellationToken cancellationToken)
   at System.Net.Http.HttpConnectionPool.CreateHttp11ConnectionAsync(HttpRequestMessage request, Boolean async, CancellationToken cancellationToken)
   at System.Net.Http.HttpConnectionPool.AddHttp11ConnectionAsync(QueueItem queueItem)
   at System.Threading.Tasks.TaskCompletionSourceWithCancellation`1.WaitWithCancellationAsync(CancellationToken cancellationToken)
   at System.Net.Http.HttpConnectionPool.SendWithVersionDetectionAndRetryAsync(HttpRequestMessage request, Boolean async, Boolean doRequestAuth, CancellationToken cancellationToken)
   at System.Net.Http.DiagnosticsHandler.SendAsyncCore(HttpRequestMessage request, Boolean async, CancellationToken cancellationToken)
   at System.Net.Http.HttpClient.<SendAsync>g__Core|83_0(HttpRequestMessage request, HttpCompletionOption completionOption, CancellationTokenSource cts, Boolean disposeCts, CancellationTokenSource pendingRequestsCts, CancellationToken originalCancellationToken)
   at Azure.Core.Pipeline.HttpClientTransport.ProcessSyncOrAsync(HttpMessage message, Boolean async)
   --- End of inner exception stack trace ---
   at Azure.Core.Pipeline.HttpClientTransport.ProcessSyncOrAsync(HttpMessage message, Boolean async)
   at Azure.Core.Pipeline.HttpPipelineTransportPolicy.ProcessAsync(HttpMessage message, ReadOnlyMemory`1 pipeline)
   at Azure.Core.Pipeline.ResponseBodyPolicy.ProcessAsync(HttpMessage message, ReadOnlyMemory`1 pipeline, Boolean async)
   at Azure.Core.Pipeline.HttpPipelineSynchronousPolicy.InnerProcessAsync(HttpMessage message, ReadOnlyMemory`1 pipeline)
   at Azure.Core.Pipeline.RedirectPolicy.ProcessAsync(HttpMessage message, ReadOnlyMemory`1 pipeline, Boolean async)
   at Azure.Core.Pipeline.RetryPolicy.ProcessAsync(HttpMessage message, ReadOnlyMemory`1 pipeline, Boolean async)<---

 ---> (Inner Exception #5) Azure.RequestFailedException: No connection could be made because the target machine actively refused it. (127.0.0.1:10000)
 ---> System.Net.Http.HttpRequestException: No connection could be made because the target machine actively refused it. (127.0.0.1:10000)
 ---> System.Net.Sockets.SocketException (10061): No connection could be made because the target machine actively refused it.
   at System.Net.Sockets.Socket.AwaitableSocketAsyncEventArgs.ThrowException(SocketError error, CancellationToken cancellationToken)
   at System.Net.Sockets.Socket.AwaitableSocketAsyncEventArgs.System.Threading.Tasks.Sources.IValueTaskSource.GetResult(Int16 token)
   at System.Net.Sockets.Socket.<ConnectAsync>g__WaitForConnectWithCancellation|285_0(AwaitableSocketAsyncEventArgs saea, ValueTask connectTask, CancellationToken cancellationToken)
   at System.Net.Http.HttpConnectionPool.ConnectToTcpHostAsync(String host, Int32 port, HttpRequestMessage initialRequest, Boolean async, CancellationToken cancellationToken)
   --- End of inner exception stack trace ---
   at System.Net.Http.HttpConnectionPool.ConnectToTcpHostAsync(String host, Int32 port, HttpRequestMessage initialRequest, Boolean async, CancellationToken cancellationToken)
   at System.Net.Http.HttpConnectionPool.ConnectAsync(HttpRequestMessage request, Boolean async, CancellationToken cancellationToken)
   at System.Net.Http.HttpConnectionPool.CreateHttp11ConnectionAsync(HttpRequestMessage request, Boolean async, CancellationToken cancellationToken)
   at System.Net.Http.HttpConnectionPool.AddHttp11ConnectionAsync(QueueItem queueItem)
   at System.Threading.Tasks.TaskCompletionSourceWithCancellation`1.WaitWithCancellationAsync(CancellationToken cancellationToken)
   at System.Net.Http.HttpConnectionPool.SendWithVersionDetectionAndRetryAsync(HttpRequestMessage request, Boolean async, Boolean doRequestAuth, CancellationToken cancellationToken)
   at System.Net.Http.DiagnosticsHandler.SendAsyncCore(HttpRequestMessage request, Boolean async, CancellationToken cancellationToken)
   at System.Net.Http.HttpClient.<SendAsync>g__Core|83_0(HttpRequestMessage request, HttpCompletionOption completionOption, CancellationTokenSource cts, Boolean disposeCts, CancellationTokenSource pendingRequestsCts, CancellationToken originalCancellationToken)
   at Azure.Core.Pipeline.HttpClientTransport.ProcessSyncOrAsync(HttpMessage message, Boolean async)
   --- End of inner exception stack trace ---
   at Azure.Core.Pipeline.HttpClientTransport.ProcessSyncOrAsync(HttpMessage message, Boolean async)
   at Azure.Core.Pipeline.HttpPipelineTransportPolicy.ProcessAsync(HttpMessage message, ReadOnlyMemory`1 pipeline)
   at Azure.Core.Pipeline.ResponseBodyPolicy.ProcessAsync(HttpMessage message, ReadOnlyMemory`1 pipeline, Boolean async)
   at Azure.Core.Pipeline.HttpPipelineSynchronousPolicy.InnerProcessAsync(HttpMessage message, ReadOnlyMemory`1 pipeline)
   at Azure.Core.Pipeline.RedirectPolicy.ProcessAsync(HttpMessage message, ReadOnlyMemory`1 pipeline, Boolean async)
   at Azure.Core.Pipeline.RetryPolicy.ProcessAsync(HttpMessage message, ReadOnlyMemory`1 pipeline, Boolean async)<---

2026-10-01 11:38:20.096 +07:00 [ERR] WardMate.SharedKernel.Web.GlobalExceptionHandler: Unhandled request exception. TraceId: 00-1632c58470b46cea9b8948fb32ac557e-5bd54c07a04693b0-00
System.AggregateException: Retry failed after 6 tries. Retry settings can be adjusted in ClientOptions.Retry or by configuring a custom retry policy in ClientOptions.RetryPolicy. (No connection could be made because the target machine actively refused it. (127.0.0.1:10000)) (No connection could be made because the target machine actively refused it. (127.0.0.1:10000)) (No connection could be made because the target machine actively refused it. (127.0.0.1:10000)) (No connection could be made because the target machine actively refused it. (127.0.0.1:10000)) (No connection could be made because the target machine actively refused it. (127.0.0.1:10000)) (No connection could be made because the target machine actively refused it. (127.0.0.1:10000))
 ---> Azure.RequestFailedException: No connection could be made because the target machine actively refused it. (127.0.0.1:10000)
 ---> System.Net.Http.HttpRequestException: No connection could be made because the target machine actively refused it. (127.0.0.1:10000)
 ---> System.Net.Sockets.SocketException (10061): No connection could be made because the target machine actively refused it.
   at System.Net.Sockets.Socket.AwaitableSocketAsyncEventArgs.ThrowException(SocketError error, CancellationToken cancellationToken)
   at System.Net.Sockets.Socket.AwaitableSocketAsyncEventArgs.System.Threading.Tasks.Sources.IValueTaskSource.GetResult(Int16 token)
   at System.Net.Sockets.Socket.<ConnectAsync>g__WaitForConnectWithCancellation|285_0(AwaitableSocketAsyncEventArgs saea, ValueTask connectTask, CancellationToken cancellationToken)
   at System.Net.Http.HttpConnectionPool.ConnectToTcpHostAsync(String host, Int32 port, HttpRequestMessage initialRequest, Boolean async, CancellationToken cancellationToken)
   --- End of inner exception stack trace ---
   at System.Net.Http.HttpConnectionPool.ConnectToTcpHostAsync(String host, Int32 port, HttpRequestMessage initialRequest, Boolean async, CancellationToken cancellationToken)
   at System.Net.Http.HttpConnectionPool.ConnectAsync(HttpRequestMessage request, Boolean async, CancellationToken cancellationToken)
   at System.Net.Http.HttpConnectionPool.CreateHttp11ConnectionAsync(HttpRequestMessage request, Boolean async, CancellationToken cancellationToken)
   at System.Net.Http.HttpConnectionPool.AddHttp11ConnectionAsync(QueueItem queueItem)
   at System.Threading.Tasks.TaskCompletionSourceWithCancellation`1.WaitWithCancellationAsync(CancellationToken cancellationToken)
   at System.Net.Http.HttpConnectionPool.SendWithVersionDetectionAndRetryAsync(HttpRequestMessage request, Boolean async, Boolean doRequestAuth, CancellationToken cancellationToken)
   at System.Net.Http.DiagnosticsHandler.SendAsyncCore(HttpRequestMessage request, Boolean async, CancellationToken cancellationToken)
   at System.Net.Http.HttpClient.<SendAsync>g__Core|83_0(HttpRequestMessage request, HttpCompletionOption completionOption, CancellationTokenSource cts, Boolean disposeCts, CancellationTokenSource pendingRequestsCts, CancellationToken originalCancellationToken)
   at Azure.Core.Pipeline.HttpClientTransport.ProcessSyncOrAsync(HttpMessage message, Boolean async)
   --- End of inner exception stack trace ---
   at Azure.Core.Pipeline.HttpClientTransport.ProcessSyncOrAsync(HttpMessage message, Boolean async)
   at Azure.Core.Pipeline.HttpPipelineTransportPolicy.ProcessAsync(HttpMessage message, ReadOnlyMemory`1 pipeline)
   at Azure.Core.Pipeline.ResponseBodyPolicy.ProcessAsync(HttpMessage message, ReadOnlyMemory`1 pipeline, Boolean async)
   at Azure.Core.Pipeline.HttpPipelineSynchronousPolicy.InnerProcessAsync(HttpMessage message, ReadOnlyMemory`1 pipeline)
   at Azure.Core.Pipeline.RedirectPolicy.ProcessAsync(HttpMessage message, ReadOnlyMemory`1 pipeline, Boolean async)
   at Azure.Core.Pipeline.RetryPolicy.ProcessAsync(HttpMessage message, ReadOnlyMemory`1 pipeline, Boolean async)
   --- End of inner exception stack trace ---
   at Azure.Core.Pipeline.RetryPolicy.ProcessAsync(HttpMessage message, ReadOnlyMemory`1 pipeline, Boolean async)
   at Azure.Core.Pipeline.HttpPipelineSynchronousPolicy.InnerProcessAsync(HttpMessage message, ReadOnlyMemory`1 pipeline)
   at Azure.Storage.Blobs.ContainerRestClient.CreateAsync(Nullable`1 timeout, IDictionary`2 metadata, Nullable`1 access, String defaultEncryptionScope, Nullable`1 preventEncryptionScopeOverride, CancellationToken cancellationToken)
   at Azure.Storage.Blobs.BlobContainerClient.CreateInternal(PublicAccessType publicAccessType, IDictionary`2 metadata, BlobContainerEncryptionScopeOptions encryptionScopeOptions, Boolean async, CancellationToken cancellationToken, String operationName)
   at Azure.Storage.Blobs.BlobContainerClient.CreateIfNotExistsInternal(PublicAccessType publicAccessType, IDictionary`2 metadata, BlobContainerEncryptionScopeOptions encryptionScopeOptions, Boolean async, CancellationToken cancellationToken)
   at Azure.Storage.Blobs.BlobContainerClient.CreateIfNotExistsAsync(PublicAccessType publicAccessType, IDictionary`2 metadata, BlobContainerEncryptionScopeOptions encryptionScopeOptions, CancellationToken cancellationToken)
   at WardMate.SharedKernel.Blob.AzureBlobStorageClient.GetOrCreateContainerAsync(String overrideName, CancellationToken ct) in D:\term 9\wardmate-backend\src\BuildingBlocks\WardMate.SharedKernel\Blob\AzureBlobStorageClient.cs:line 114
   at WardMate.SharedKernel.Blob.AzureBlobStorageClient.UploadAsync(Stream stream, String blobName, String contentType, String containerName, CancellationToken ct) in D:\term 9\wardmate-backend\src\BuildingBlocks\WardMate.SharedKernel\Blob\AzureBlobStorageClient.cs:line 29
   at WardMate.Services.DocumentForm.Application.Commands.UploadFormTemplateDocxCommandHandler.Handle(UploadFormTemplateDocxCommand request, CancellationToken cancellationToken) in D:\term 9\wardmate-backend\src\Services\WardMate.Services.DocumentForm\WardMate.Services.DocumentForm.Application\Commands\UploadFormTemplateDocxCommand.cs:line 89
   at WardMate.Services.DocumentForm.API.Controllers.FormTemplatesController.UploadDocx(Guid templateId, IFormFile file, CancellationToken cancellationToken) in D:\term 9\wardmate-backend\src\Services\WardMate.Services.DocumentForm\WardMate.Services.DocumentForm.API\Controllers\FormTemplatesController.cs:line 145
   at Microsoft.AspNetCore.Mvc.Infrastructure.ActionMethodExecutor.TaskOfIActionResultExecutor.Execute(ActionContext actionContext, IActionResultTypeMapper mapper, ObjectMethodExecutor executor, Object controller, Object[] arguments)
   at Microsoft.AspNetCore.Mvc.Infrastructure.ControllerActionInvoker.<InvokeActionMethodAsync>g__Awaited|12_0(ControllerActionInvoker invoker, ValueTask`1 actionResultValueTask)
   at Microsoft.AspNetCore.Mvc.Infrastructure.ControllerActionInvoker.<InvokeNextActionFilterAsync>g__Awaited|10_0(ControllerActionInvoker invoker, Task lastTask, State next, Scope scope, Object state, Boolean isCompleted)
   at Microsoft.AspNetCore.Mvc.Infrastructure.ControllerActionInvoker.Rethrow(ActionExecutedContextSealed context)
   at Microsoft.AspNetCore.Mvc.Infrastructure.ControllerActionInvoker.Next(State& next, Scope& scope, Object& state, Boolean& isCompleted)
   at Microsoft.AspNetCore.Mvc.Infrastructure.ControllerActionInvoker.<InvokeInnerFilterAsync>g__Awaited|13_0(ControllerActionInvoker invoker, Task lastTask, State next, Scope scope, Object state, Boolean isCompleted)
   at Microsoft.AspNetCore.Mvc.Infrastructure.ResourceInvoker.<InvokeNextResourceFilter>g__Awaited|25_0(ResourceInvoker invoker, Task lastTask, State next, Scope scope, Object state, Boolean isCompleted)
   at Microsoft.AspNetCore.Mvc.Infrastructure.ResourceInvoker.Rethrow(ResourceExecutedContextSealed context)
   at Microsoft.AspNetCore.Mvc.Infrastructure.ResourceInvoker.Next(State& next, Scope& scope, Object& state, Boolean& isCompleted)
   at Microsoft.AspNetCore.Mvc.Infrastructure.ResourceInvoker.<InvokeFilterPipelineAsync>g__Awaited|20_0(ResourceInvoker invoker, Task lastTask, State next, Scope scope, Object state, Boolean isCompleted)
   at Microsoft.AspNetCore.Mvc.Infrastructure.ResourceInvoker.<InvokeAsync>g__Awaited|17_0(ResourceInvoker invoker, Task task, IDisposable scope)
   at Microsoft.AspNetCore.Mvc.Infrastructure.ResourceInvoker.<InvokeAsync>g__Awaited|17_0(ResourceInvoker invoker, Task task, IDisposable scope)
   at Swashbuckle.AspNetCore.SwaggerUI.SwaggerUIMiddleware.Invoke(HttpContext httpContext)
   at Swashbuckle.AspNetCore.Swagger.SwaggerMiddleware.Invoke(HttpContext httpContext, ISwaggerProvider swaggerProvider)
   at Microsoft.AspNetCore.Diagnostics.StatusCodePagesMiddleware.Invoke(HttpContext context)
   at Microsoft.AspNetCore.Diagnostics.ExceptionHandlerMiddlewareImpl.<Invoke>g__Awaited|10_0(ExceptionHandlerMiddlewareImpl middleware, HttpContext context, Task task)
 ---> (Inner Exception #1) Azure.RequestFailedException: No connection could be made because the target machine actively refused it. (127.0.0.1:10000)
 ---> System.Net.Http.HttpRequestException: No connection could be made because the target machine actively refused it. (127.0.0.1:10000)
 ---> System.Net.Sockets.SocketException (10061): No connection could be made because the target machine actively refused it.
   at System.Net.Sockets.Socket.AwaitableSocketAsyncEventArgs.ThrowException(SocketError error, CancellationToken cancellationToken)
   at System.Net.Sockets.Socket.AwaitableSocketAsyncEventArgs.System.Threading.Tasks.Sources.IValueTaskSource.GetResult(Int16 token)
   at System.Net.Sockets.Socket.<ConnectAsync>g__WaitForConnectWithCancellation|285_0(AwaitableSocketAsyncEventArgs saea, ValueTask connectTask, CancellationToken cancellationToken)
   at System.Net.Http.HttpConnectionPool.ConnectToTcpHostAsync(String host, Int32 port, HttpRequestMessage initialRequest, Boolean async, CancellationToken cancellationToken)
   --- End of inner exception stack trace ---
   at System.Net.Http.HttpConnectionPool.ConnectToTcpHostAsync(String host, Int32 port, HttpRequestMessage initialRequest, Boolean async, CancellationToken cancellationToken)
   at System.Net.Http.HttpConnectionPool.ConnectAsync(HttpRequestMessage request, Boolean async, CancellationToken cancellationToken)
   at System.Net.Http.HttpConnectionPool.CreateHttp11ConnectionAsync(HttpRequestMessage request, Boolean async, CancellationToken cancellationToken)
   at System.Net.Http.HttpConnectionPool.AddHttp11ConnectionAsync(QueueItem queueItem)
   at System.Threading.Tasks.TaskCompletionSourceWithCancellation`1.WaitWithCancellationAsync(CancellationToken cancellationToken)
   at System.Net.Http.HttpConnectionPool.SendWithVersionDetectionAndRetryAsync(HttpRequestMessage request, Boolean async, Boolean doRequestAuth, CancellationToken cancellationToken)
   at System.Net.Http.DiagnosticsHandler.SendAsyncCore(HttpRequestMessage request, Boolean async, CancellationToken cancellationToken)
   at System.Net.Http.HttpClient.<SendAsync>g__Core|83_0(HttpRequestMessage request, HttpCompletionOption completionOption, CancellationTokenSource cts, Boolean disposeCts, CancellationTokenSource pendingRequestsCts, CancellationToken originalCancellationToken)
   at Azure.Core.Pipeline.HttpClientTransport.ProcessSyncOrAsync(HttpMessage message, Boolean async)
   --- End of inner exception stack trace ---
   at Azure.Core.Pipeline.HttpClientTransport.ProcessSyncOrAsync(HttpMessage message, Boolean async)
   at Azure.Core.Pipeline.HttpPipelineTransportPolicy.ProcessAsync(HttpMessage message, ReadOnlyMemory`1 pipeline)
   at Azure.Core.Pipeline.ResponseBodyPolicy.ProcessAsync(HttpMessage message, ReadOnlyMemory`1 pipeline, Boolean async)
   at Azure.Core.Pipeline.HttpPipelineSynchronousPolicy.InnerProcessAsync(HttpMessage message, ReadOnlyMemory`1 pipeline)
   at Azure.Core.Pipeline.RedirectPolicy.ProcessAsync(HttpMessage message, ReadOnlyMemory`1 pipeline, Boolean async)
   at Azure.Core.Pipeline.RetryPolicy.ProcessAsync(HttpMessage message, ReadOnlyMemory`1 pipeline, Boolean async)<---

 ---> (Inner Exception #2) Azure.RequestFailedException: No connection could be made because the target machine actively refused it. (127.0.0.1:10000)
 ---> System.Net.Http.HttpRequestException: No connection could be made because the target machine actively refused it. (127.0.0.1:10000)
 ---> System.Net.Sockets.SocketException (10061): No connection could be made because the target machine actively refused it.
   at System.Net.Sockets.Socket.AwaitableSocketAsyncEventArgs.ThrowException(SocketError error, CancellationToken cancellationToken)
   at System.Net.Sockets.Socket.AwaitableSocketAsyncEventArgs.System.Threading.Tasks.Sources.IValueTaskSource.GetResult(Int16 token)
   at System.Net.Sockets.Socket.<ConnectAsync>g__WaitForConnectWithCancellation|285_0(AwaitableSocketAsyncEventArgs saea, ValueTask connectTask, CancellationToken cancellationToken)
   at System.Net.Http.HttpConnectionPool.ConnectToTcpHostAsync(String host, Int32 port, HttpRequestMessage initialRequest, Boolean async, CancellationToken cancellationToken)
   --- End of inner exception stack trace ---
   at System.Net.Http.HttpConnectionPool.ConnectToTcpHostAsync(String host, Int32 port, HttpRequestMessage initialRequest, Boolean async, CancellationToken cancellationToken)
   at System.Net.Http.HttpConnectionPool.ConnectAsync(HttpRequestMessage request, Boolean async, CancellationToken cancellationToken)
   at System.Net.Http.HttpConnectionPool.CreateHttp11ConnectionAsync(HttpRequestMessage request, Boolean async, CancellationToken cancellationToken)
   at System.Net.Http.HttpConnectionPool.AddHttp11ConnectionAsync(QueueItem queueItem)
   at System.Threading.Tasks.TaskCompletionSourceWithCancellation`1.WaitWithCancellationAsync(CancellationToken cancellationToken)
   at System.Net.Http.HttpConnectionPool.SendWithVersionDetectionAndRetryAsync(HttpRequestMessage request, Boolean async, Boolean doRequestAuth, CancellationToken cancellationToken)
   at System.Net.Http.DiagnosticsHandler.SendAsyncCore(HttpRequestMessage request, Boolean async, CancellationToken cancellationToken)
   at System.Net.Http.HttpClient.<SendAsync>g__Core|83_0(HttpRequestMessage request, HttpCompletionOption completionOption, CancellationTokenSource cts, Boolean disposeCts, CancellationTokenSource pendingRequestsCts, CancellationToken originalCancellationToken)
   at Azure.Core.Pipeline.HttpClientTransport.ProcessSyncOrAsync(HttpMessage message, Boolean async)
   --- End of inner exception stack trace ---
   at Azure.Core.Pipeline.HttpClientTransport.ProcessSyncOrAsync(HttpMessage message, Boolean async)
   at Azure.Core.Pipeline.HttpPipelineTransportPolicy.ProcessAsync(HttpMessage message, ReadOnlyMemory`1 pipeline)
   at Azure.Core.Pipeline.ResponseBodyPolicy.ProcessAsync(HttpMessage message, ReadOnlyMemory`1 pipeline, Boolean async)
   at Azure.Core.Pipeline.HttpPipelineSynchronousPolicy.InnerProcessAsync(HttpMessage message, ReadOnlyMemory`1 pipeline)
   at Azure.Core.Pipeline.RedirectPolicy.ProcessAsync(HttpMessage message, ReadOnlyMemory`1 pipeline, Boolean async)
   at Azure.Core.Pipeline.RetryPolicy.ProcessAsync(HttpMessage message, ReadOnlyMemory`1 pipeline, Boolean async)<---

 ---> (Inner Exception #3) Azure.RequestFailedException: No connection could be made because the target machine actively refused it. (127.0.0.1:10000)
 ---> System.Net.Http.HttpRequestException: No connection could be made because the target machine actively refused it. (127.0.0.1:10000)
 ---> System.Net.Sockets.SocketException (10061): No connection could be made because the target machine actively refused it.
   at System.Net.Sockets.Socket.AwaitableSocketAsyncEventArgs.ThrowException(SocketError error, CancellationToken cancellationToken)
   at System.Net.Sockets.Socket.AwaitableSocketAsyncEventArgs.System.Threading.Tasks.Sources.IValueTaskSource.GetResult(Int16 token)
   at System.Net.Sockets.Socket.<ConnectAsync>g__WaitForConnectWithCancellation|285_0(AwaitableSocketAsyncEventArgs saea, ValueTask connectTask, CancellationToken cancellationToken)
   at System.Net.Http.HttpConnectionPool.ConnectToTcpHostAsync(String host, Int32 port, HttpRequestMessage initialRequest, Boolean async, CancellationToken cancellationToken)
   --- End of inner exception stack trace ---
   at System.Net.Http.HttpConnectionPool.ConnectToTcpHostAsync(String host, Int32 port, HttpRequestMessage initialRequest, Boolean async, CancellationToken cancellationToken)
   at System.Net.Http.HttpConnectionPool.ConnectAsync(HttpRequestMessage request, Boolean async, CancellationToken cancellationToken)
   at System.Net.Http.HttpConnectionPool.CreateHttp11ConnectionAsync(HttpRequestMessage request, Boolean async, CancellationToken cancellationToken)
   at System.Net.Http.HttpConnectionPool.AddHttp11ConnectionAsync(QueueItem queueItem)
   at System.Threading.Tasks.TaskCompletionSourceWithCancellation`1.WaitWithCancellationAsync(CancellationToken cancellationToken)
   at System.Net.Http.HttpConnectionPool.SendWithVersionDetectionAndRetryAsync(HttpRequestMessage request, Boolean async, Boolean doRequestAuth, CancellationToken cancellationToken)
   at System.Net.Http.DiagnosticsHandler.SendAsyncCore(HttpRequestMessage request, Boolean async, CancellationToken cancellationToken)
   at System.Net.Http.HttpClient.<SendAsync>g__Core|83_0(HttpRequestMessage request, HttpCompletionOption completionOption, CancellationTokenSource cts, Boolean disposeCts, CancellationTokenSource pendingRequestsCts, CancellationToken originalCancellationToken)
   at Azure.Core.Pipeline.HttpClientTransport.ProcessSyncOrAsync(HttpMessage message, Boolean async)
   --- End of inner exception stack trace ---
   at Azure.Core.Pipeline.HttpClientTransport.ProcessSyncOrAsync(HttpMessage message, Boolean async)
   at Azure.Core.Pipeline.HttpPipelineTransportPolicy.ProcessAsync(HttpMessage message, ReadOnlyMemory`1 pipeline)
   at Azure.Core.Pipeline.ResponseBodyPolicy.ProcessAsync(HttpMessage message, ReadOnlyMemory`1 pipeline, Boolean async)
   at Azure.Core.Pipeline.HttpPipelineSynchronousPolicy.InnerProcessAsync(HttpMessage message, ReadOnlyMemory`1 pipeline)
   at Azure.Core.Pipeline.RedirectPolicy.ProcessAsync(HttpMessage message, ReadOnlyMemory`1 pipeline, Boolean async)
   at Azure.Core.Pipeline.RetryPolicy.ProcessAsync(HttpMessage message, ReadOnlyMemory`1 pipeline, Boolean async)<---

 ---> (Inner Exception #4) Azure.RequestFailedException: No connection could be made because the target machine actively refused it. (127.0.0.1:10000)
 ---> System.Net.Http.HttpRequestException: No connection could be made because the target machine actively refused it. (127.0.0.1:10000)
 ---> System.Net.Sockets.SocketException (10061): No connection could be made because the target machine actively refused it.
   at System.Net.Sockets.Socket.AwaitableSocketAsyncEventArgs.ThrowException(SocketError error, CancellationToken cancellationToken)
   at System.Net.Sockets.Socket.AwaitableSocketAsyncEventArgs.System.Threading.Tasks.Sources.IValueTaskSource.GetResult(Int16 token)
   at System.Net.Sockets.Socket.<ConnectAsync>g__WaitForConnectWithCancellation|285_0(AwaitableSocketAsyncEventArgs saea, ValueTask connectTask, CancellationToken cancellationToken)
   at System.Net.Http.HttpConnectionPool.ConnectToTcpHostAsync(String host, Int32 port, HttpRequestMessage initialRequest, Boolean async, CancellationToken cancellationToken)
   --- End of inner exception stack trace ---
   at System.Net.Http.HttpConnectionPool.ConnectToTcpHostAsync(String host, Int32 port, HttpRequestMessage initialRequest, Boolean async, CancellationToken cancellationToken)
   at System.Net.Http.HttpConnectionPool.ConnectAsync(HttpRequestMessage request, Boolean async, CancellationToken cancellationToken)
   at System.Net.Http.HttpConnectionPool.CreateHttp11ConnectionAsync(HttpRequestMessage request, Boolean async, CancellationToken cancellationToken)
   at System.Net.Http.HttpConnectionPool.AddHttp11ConnectionAsync(QueueItem queueItem)
   at System.Threading.Tasks.TaskCompletionSourceWithCancellation`1.WaitWithCancellationAsync(CancellationToken cancellationToken)
   at System.Net.Http.HttpConnectionPool.SendWithVersionDetectionAndRetryAsync(HttpRequestMessage request, Boolean async, Boolean doRequestAuth, CancellationToken cancellationToken)
   at System.Net.Http.DiagnosticsHandler.SendAsyncCore(HttpRequestMessage request, Boolean async, CancellationToken cancellationToken)
   at System.Net.Http.HttpClient.<SendAsync>g__Core|83_0(HttpRequestMessage request, HttpCompletionOption completionOption, CancellationTokenSource cts, Boolean disposeCts, CancellationTokenSource pendingRequestsCts, CancellationToken originalCancellationToken)
   at Azure.Core.Pipeline.HttpClientTransport.ProcessSyncOrAsync(HttpMessage message, Boolean async)
   --- End of inner exception stack trace ---
   at Azure.Core.Pipeline.HttpClientTransport.ProcessSyncOrAsync(HttpMessage message, Boolean async)
   at Azure.Core.Pipeline.HttpPipelineTransportPolicy.ProcessAsync(HttpMessage message, ReadOnlyMemory`1 pipeline)
   at Azure.Core.Pipeline.ResponseBodyPolicy.ProcessAsync(HttpMessage message, ReadOnlyMemory`1 pipeline, Boolean async)
   at Azure.Core.Pipeline.HttpPipelineSynchronousPolicy.InnerProcessAsync(HttpMessage message, ReadOnlyMemory`1 pipeline)
   at Azure.Core.Pipeline.RedirectPolicy.ProcessAsync(HttpMessage message, ReadOnlyMemory`1 pipeline, Boolean async)
   at Azure.Core.Pipeline.RetryPolicy.ProcessAsync(HttpMessage message, ReadOnlyMemory`1 pipeline, Boolean async)<---

 ---> (Inner Exception #5) Azure.RequestFailedException: No connection could be made because the target machine actively refused it. (127.0.0.1:10000)
 ---> System.Net.Http.HttpRequestException: No connection could be made because the target machine actively refused it. (127.0.0.1:10000)
 ---> System.Net.Sockets.SocketException (10061): No connection could be made because the target machine actively refused it.
   at System.Net.Sockets.Socket.AwaitableSocketAsyncEventArgs.ThrowException(SocketError error, CancellationToken cancellationToken)
   at System.Net.Sockets.Socket.AwaitableSocketAsyncEventArgs.System.Threading.Tasks.Sources.IValueTaskSource.GetResult(Int16 token)
   at System.Net.Sockets.Socket.<ConnectAsync>g__WaitForConnectWithCancellation|285_0(AwaitableSocketAsyncEventArgs saea, ValueTask connectTask, CancellationToken cancellationToken)
   at System.Net.Http.HttpConnectionPool.ConnectToTcpHostAsync(String host, Int32 port, HttpRequestMessage initialRequest, Boolean async, CancellationToken cancellationToken)
   --- End of inner exception stack trace ---
   at System.Net.Http.HttpConnectionPool.ConnectToTcpHostAsync(String host, Int32 port, HttpRequestMessage initialRequest, Boolean async, CancellationToken cancellationToken)
   at System.Net.Http.HttpConnectionPool.ConnectAsync(HttpRequestMessage request, Boolean async, CancellationToken cancellationToken)
   at System.Net.Http.HttpConnectionPool.CreateHttp11ConnectionAsync(HttpRequestMessage request, Boolean async, CancellationToken cancellationToken)
   at System.Net.Http.HttpConnectionPool.AddHttp11ConnectionAsync(QueueItem queueItem)
   at System.Threading.Tasks.TaskCompletionSourceWithCancellation`1.WaitWithCancellationAsync(CancellationToken cancellationToken)
   at System.Net.Http.HttpConnectionPool.SendWithVersionDetectionAndRetryAsync(HttpRequestMessage request, Boolean async, Boolean doRequestAuth, CancellationToken cancellationToken)
   at System.Net.Http.DiagnosticsHandler.SendAsyncCore(HttpRequestMessage request, Boolean async, CancellationToken cancellationToken)
   at System.Net.Http.HttpClient.<SendAsync>g__Core|83_0(HttpRequestMessage request, HttpCompletionOption completionOption, CancellationTokenSource cts, Boolean disposeCts, CancellationTokenSource pendingRequestsCts, CancellationToken originalCancellationToken)
   at Azure.Core.Pipeline.HttpClientTransport.ProcessSyncOrAsync(HttpMessage message, Boolean async)
   --- End of inner exception stack trace ---
   at Azure.Core.Pipeline.HttpClientTransport.ProcessSyncOrAsync(HttpMessage message, Boolean async)
   at Azure.Core.Pipeline.HttpPipelineTransportPolicy.ProcessAsync(HttpMessage message, ReadOnlyMemory`1 pipeline)
   at Azure.Core.Pipeline.ResponseBodyPolicy.ProcessAsync(HttpMessage message, ReadOnlyMemory`1 pipeline, Boolean async)
   at Azure.Core.Pipeline.HttpPipelineSynchronousPolicy.InnerProcessAsync(HttpMessage message, ReadOnlyMemory`1 pipeline)
   at Azure.Core.Pipeline.RedirectPolicy.ProcessAsync(HttpMessage message, ReadOnlyMemory`1 pipeline, Boolean async)
   at Azure.Core.Pipeline.RetryPolicy.ProcessAsync(HttpMessage message, ReadOnlyMemory`1 pipeline, Boolean async)<---

2026-10-01 11:38:20.227 +07:00 [ERR] WardMate.SharedKernel.Logging.RequestLoggingMiddleware: HTTP POST /api/v1/form-templates/f0697f38-f4ab-4e80-a4c8-8023e0d53da2/upload-docx  => 500 [39473ms] | IP: ::1 | TraceId: 0HNOVELIRKJ93:00000005
2026-10-01 11:38:20.234 +07:00 [ERR] Serilog.AspNetCore.RequestLoggingMiddleware: HTTP POST /api/v1/form-templates/f0697f38-f4ab-4e80-a4c8-8023e0d53da2/upload-docx responded 500 in 39480.677 ms
2026-10-01 12:53:50.524 +07:00 [INF] Microsoft.Hosting.Lifetime: Application is shutting down...
2026-10-01 13:01:03.259 +07:00 [WRN] : Failed to apply database migrations automatically on startup.
Npgsql.NpgsqlException (0x80004005): Failed to connect to 127.0.0.1:5432
 ---> System.Net.Sockets.SocketException (10061): No connection could be made because the target machine actively refused it.
   at System.Net.Sockets.Socket.AwaitableSocketAsyncEventArgs.ThrowException(SocketError error, CancellationToken cancellationToken)
   at System.Net.Sockets.Socket.AwaitableSocketAsyncEventArgs.System.Threading.Tasks.Sources.IValueTaskSource.GetResult(Int16 token)
   at System.Net.Sockets.Socket.<ConnectAsync>g__WaitForConnectWithCancellation|285_0(AwaitableSocketAsyncEventArgs saea, ValueTask connectTask, CancellationToken cancellationToken)
   at Npgsql.TaskTimeoutAndCancellation.ExecuteAsync(Func`2 getTaskFunc, NpgsqlTimeout timeout, CancellationToken cancellationToken)
   at Npgsql.Internal.NpgsqlConnector.ConnectAsync(NpgsqlTimeout timeout, CancellationToken cancellationToken)
   at Npgsql.Internal.NpgsqlConnector.ConnectAsync(NpgsqlTimeout timeout, CancellationToken cancellationToken)
   at Npgsql.Internal.NpgsqlConnector.RawOpen(SslMode sslMode, NpgsqlTimeout timeout, Boolean async, CancellationToken cancellationToken, Boolean isFirstAttempt)
   at Npgsql.Internal.NpgsqlConnector.<Open>g__OpenCore|213_1(NpgsqlConnector conn, SslMode sslMode, NpgsqlTimeout timeout, Boolean async, CancellationToken cancellationToken, Boolean isFirstAttempt)
   at Npgsql.Internal.NpgsqlConnector.Open(NpgsqlTimeout timeout, Boolean async, CancellationToken cancellationToken)
   at Npgsql.UnpooledDataSource.Get(NpgsqlConnection conn, NpgsqlTimeout timeout, Boolean async, CancellationToken cancellationToken)
   at Npgsql.NpgsqlConnection.<Open>g__OpenAsync|42_0(Boolean async, CancellationToken cancellationToken)
   at Microsoft.EntityFrameworkCore.Storage.RelationalConnection.OpenInternalAsync(Boolean errorsExpected, CancellationToken cancellationToken)
   at Microsoft.EntityFrameworkCore.Storage.RelationalConnection.OpenInternalAsync(Boolean errorsExpected, CancellationToken cancellationToken)
   at Microsoft.EntityFrameworkCore.Storage.RelationalConnection.OpenAsync(CancellationToken cancellationToken, Boolean errorsExpected)
   at Npgsql.EntityFrameworkCore.PostgreSQL.Storage.Internal.NpgsqlDatabaseCreator.Exists(Boolean async, CancellationToken cancellationToken)
   at Npgsql.EntityFrameworkCore.PostgreSQL.Storage.Internal.NpgsqlDatabaseCreator.Exists(Boolean async, CancellationToken cancellationToken)
   at Microsoft.EntityFrameworkCore.Migrations.HistoryRepository.ExistsAsync(CancellationToken cancellationToken)
   at Microsoft.EntityFrameworkCore.Migrations.HistoryRepository.GetAppliedMigrationsAsync(CancellationToken cancellationToken)
   at Npgsql.EntityFrameworkCore.PostgreSQL.Migrations.Internal.NpgsqlMigrator.MigrateAsync(String targetMigration, CancellationToken cancellationToken)
   at Program.<Main>$(String[] args) in D:\term 9\wardmate-backend\src\Services\WardMate.Services.DocumentForm\WardMate.Services.DocumentForm.API\Program.cs:line 69
   at Program.<Main>$(String[] args) in D:\term 9\wardmate-backend\src\Services\WardMate.Services.DocumentForm\WardMate.Services.DocumentForm.API\Program.cs:line 69
2026-10-01 13:01:03.583 +07:00 [INF] : WardMate.Services.DocumentForm started successfully.
2026-10-01 13:01:03.713 +07:00 [INF] Microsoft.Hosting.Lifetime: Now listening on: http://localhost:5004
2026-10-01 13:01:03.718 +07:00 [INF] Microsoft.Hosting.Lifetime: Application started. Press Ctrl+C to shut down.
2026-10-01 13:01:03.719 +07:00 [INF] Microsoft.Hosting.Lifetime: Hosting environment: Development
2026-10-01 13:01:03.719 +07:00 [INF] Microsoft.Hosting.Lifetime: Content root path: D:\term 9\wardmate-backend\src\Services\WardMate.Services.DocumentForm\WardMate.Services.DocumentForm.API
2026-10-01 13:04:04.932 +07:00 [WRN] : Failed to apply database migrations automatically on startup.
Npgsql.NpgsqlException (0x80004005): Failed to connect to 127.0.0.1:5432
 ---> System.Net.Sockets.SocketException (10061): No connection could be made because the target machine actively refused it.
   at System.Net.Sockets.Socket.AwaitableSocketAsyncEventArgs.ThrowException(SocketError error, CancellationToken cancellationToken)
   at System.Net.Sockets.Socket.AwaitableSocketAsyncEventArgs.System.Threading.Tasks.Sources.IValueTaskSource.GetResult(Int16 token)
   at System.Net.Sockets.Socket.<ConnectAsync>g__WaitForConnectWithCancellation|285_0(AwaitableSocketAsyncEventArgs saea, ValueTask connectTask, CancellationToken cancellationToken)
   at Npgsql.TaskTimeoutAndCancellation.ExecuteAsync(Func`2 getTaskFunc, NpgsqlTimeout timeout, CancellationToken cancellationToken)
   at Npgsql.Internal.NpgsqlConnector.ConnectAsync(NpgsqlTimeout timeout, CancellationToken cancellationToken)
   at Npgsql.Internal.NpgsqlConnector.ConnectAsync(NpgsqlTimeout timeout, CancellationToken cancellationToken)
   at Npgsql.Internal.NpgsqlConnector.RawOpen(SslMode sslMode, NpgsqlTimeout timeout, Boolean async, CancellationToken cancellationToken, Boolean isFirstAttempt)
   at Npgsql.Internal.NpgsqlConnector.<Open>g__OpenCore|213_1(NpgsqlConnector conn, SslMode sslMode, NpgsqlTimeout timeout, Boolean async, CancellationToken cancellationToken, Boolean isFirstAttempt)
   at Npgsql.Internal.NpgsqlConnector.Open(NpgsqlTimeout timeout, Boolean async, CancellationToken cancellationToken)
   at Npgsql.UnpooledDataSource.Get(NpgsqlConnection conn, NpgsqlTimeout timeout, Boolean async, CancellationToken cancellationToken)
   at Npgsql.NpgsqlConnection.<Open>g__OpenAsync|42_0(Boolean async, CancellationToken cancellationToken)
   at Microsoft.EntityFrameworkCore.Storage.RelationalConnection.OpenInternalAsync(Boolean errorsExpected, CancellationToken cancellationToken)
   at Microsoft.EntityFrameworkCore.Storage.RelationalConnection.OpenInternalAsync(Boolean errorsExpected, CancellationToken cancellationToken)
   at Microsoft.EntityFrameworkCore.Storage.RelationalConnection.OpenAsync(CancellationToken cancellationToken, Boolean errorsExpected)
   at Npgsql.EntityFrameworkCore.PostgreSQL.Storage.Internal.NpgsqlDatabaseCreator.Exists(Boolean async, CancellationToken cancellationToken)
   at Npgsql.EntityFrameworkCore.PostgreSQL.Storage.Internal.NpgsqlDatabaseCreator.Exists(Boolean async, CancellationToken cancellationToken)
   at Microsoft.EntityFrameworkCore.Migrations.HistoryRepository.ExistsAsync(CancellationToken cancellationToken)
   at Microsoft.EntityFrameworkCore.Migrations.HistoryRepository.GetAppliedMigrationsAsync(CancellationToken cancellationToken)
   at Npgsql.EntityFrameworkCore.PostgreSQL.Migrations.Internal.NpgsqlMigrator.MigrateAsync(String targetMigration, CancellationToken cancellationToken)
   at Program.<Main>$(String[] args) in D:\term 9\wardmate-backend\src\Services\WardMate.Services.DocumentForm\WardMate.Services.DocumentForm.API\Program.cs:line 69
   at Program.<Main>$(String[] args) in D:\term 9\wardmate-backend\src\Services\WardMate.Services.DocumentForm\WardMate.Services.DocumentForm.API\Program.cs:line 69
2026-10-01 13:04:05.053 +07:00 [INF] : WardMate.Services.DocumentForm started successfully.
2026-10-01 13:04:05.109 +07:00 [ERR] Microsoft.Extensions.Hosting.Internal.Host: Hosting failed to start
System.IO.IOException: Failed to bind to address http://127.0.0.1:5004: address already in use.
 ---> Microsoft.AspNetCore.Connections.AddressInUseException: Only one usage of each socket address (protocol/network address/port) is normally permitted.
 ---> System.Net.Sockets.SocketException (10048): Only one usage of each socket address (protocol/network address/port) is normally permitted.
   at System.Net.Sockets.Socket.UpdateStatusAfterSocketErrorAndThrowException(SocketError error, Boolean disconnectOnFailure, String callerName)
   at System.Net.Sockets.Socket.DoBind(EndPoint endPointSnapshot, SocketAddress socketAddress)
   at System.Net.Sockets.Socket.Bind(EndPoint localEP)
   at Microsoft.AspNetCore.Server.Kestrel.Transport.Sockets.SocketTransportOptions.CreateDefaultBoundListenSocket(EndPoint endpoint)
   at Microsoft.AspNetCore.Server.Kestrel.Transport.Sockets.SocketConnectionListener.Bind()
   --- End of inner exception stack trace ---
   at Microsoft.AspNetCore.Server.Kestrel.Transport.Sockets.SocketConnectionListener.Bind()
   at Microsoft.AspNetCore.Server.Kestrel.Transport.Sockets.SocketTransportFactory.BindAsync(EndPoint endpoint, CancellationToken cancellationToken)
   at Microsoft.AspNetCore.Server.Kestrel.Core.Internal.Infrastructure.TransportManager.BindAsync(EndPoint endPoint, ConnectionDelegate connectionDelegate, EndpointConfig endpointConfig, CancellationToken cancellationToken)
   at Microsoft.AspNetCore.Server.Kestrel.Core.KestrelServerImpl.<>c__DisplayClass28_0`1.<<StartAsync>g__OnBind|0>d.MoveNext()
--- End of stack trace from previous location ---
   at Microsoft.AspNetCore.Server.Kestrel.Core.Internal.AddressBinder.BindEndpointAsync(ListenOptions endpoint, AddressBindContext context, CancellationToken cancellationToken)
   --- End of inner exception stack trace ---
   at Microsoft.AspNetCore.Server.Kestrel.Core.Internal.AddressBinder.BindEndpointAsync(ListenOptions endpoint, AddressBindContext context, CancellationToken cancellationToken)
   at Microsoft.AspNetCore.Server.Kestrel.Core.LocalhostListenOptions.BindAsync(AddressBindContext context, CancellationToken cancellationToken)
   at Microsoft.AspNetCore.Server.Kestrel.Core.Internal.AddressBinder.AddressesStrategy.BindAsync(AddressBindContext context, CancellationToken cancellationToken)
   at Microsoft.AspNetCore.Server.Kestrel.Core.Internal.AddressBinder.BindAsync(ListenOptions[] listenOptions, AddressBindContext context, Func`2 useHttps, CancellationToken cancellationToken)
   at Microsoft.AspNetCore.Server.Kestrel.Core.KestrelServerImpl.BindAsync(CancellationToken cancellationToken)
   at Microsoft.AspNetCore.Server.Kestrel.Core.KestrelServerImpl.StartAsync[TContext](IHttpApplication`1 application, CancellationToken cancellationToken)
   at Microsoft.AspNetCore.Hosting.GenericWebHostService.StartAsync(CancellationToken cancellationToken)
   at Microsoft.Extensions.Hosting.Internal.Host.<StartAsync>b__15_1(IHostedService service, CancellationToken token)
   at Microsoft.Extensions.Hosting.Internal.Host.ForeachService[T](IEnumerable`1 services, CancellationToken token, Boolean concurrent, Boolean abortOnFirstException, List`1 exceptions, Func`3 operation)
2026-10-01 13:04:05.126 +07:00 [FTL] : WardMate.Services.DocumentForm terminated unexpectedly.
System.IO.IOException: Failed to bind to address http://127.0.0.1:5004: address already in use.
 ---> Microsoft.AspNetCore.Connections.AddressInUseException: Only one usage of each socket address (protocol/network address/port) is normally permitted.
 ---> System.Net.Sockets.SocketException (10048): Only one usage of each socket address (protocol/network address/port) is normally permitted.
   at System.Net.Sockets.Socket.UpdateStatusAfterSocketErrorAndThrowException(SocketError error, Boolean disconnectOnFailure, String callerName)
   at System.Net.Sockets.Socket.DoBind(EndPoint endPointSnapshot, SocketAddress socketAddress)
   at System.Net.Sockets.Socket.Bind(EndPoint localEP)
   at Microsoft.AspNetCore.Server.Kestrel.Transport.Sockets.SocketTransportOptions.CreateDefaultBoundListenSocket(EndPoint endpoint)
   at Microsoft.AspNetCore.Server.Kestrel.Transport.Sockets.SocketConnectionListener.Bind()
   --- End of inner exception stack trace ---
   at Microsoft.AspNetCore.Server.Kestrel.Transport.Sockets.SocketConnectionListener.Bind()
   at Microsoft.AspNetCore.Server.Kestrel.Transport.Sockets.SocketTransportFactory.BindAsync(EndPoint endpoint, CancellationToken cancellationToken)
   at Microsoft.AspNetCore.Server.Kestrel.Core.Internal.Infrastructure.TransportManager.BindAsync(EndPoint endPoint, ConnectionDelegate connectionDelegate, EndpointConfig endpointConfig, CancellationToken cancellationToken)
   at Microsoft.AspNetCore.Server.Kestrel.Core.KestrelServerImpl.<>c__DisplayClass28_0`1.<<StartAsync>g__OnBind|0>d.MoveNext()
--- End of stack trace from previous location ---
   at Microsoft.AspNetCore.Server.Kestrel.Core.Internal.AddressBinder.BindEndpointAsync(ListenOptions endpoint, AddressBindContext context, CancellationToken cancellationToken)
   --- End of inner exception stack trace ---
   at Microsoft.AspNetCore.Server.Kestrel.Core.Internal.AddressBinder.BindEndpointAsync(ListenOptions endpoint, AddressBindContext context, CancellationToken cancellationToken)
   at Microsoft.AspNetCore.Server.Kestrel.Core.LocalhostListenOptions.BindAsync(AddressBindContext context, CancellationToken cancellationToken)
   at Microsoft.AspNetCore.Server.Kestrel.Core.Internal.AddressBinder.AddressesStrategy.BindAsync(AddressBindContext context, CancellationToken cancellationToken)
   at Microsoft.AspNetCore.Server.Kestrel.Core.Internal.AddressBinder.BindAsync(ListenOptions[] listenOptions, AddressBindContext context, Func`2 useHttps, CancellationToken cancellationToken)
   at Microsoft.AspNetCore.Server.Kestrel.Core.KestrelServerImpl.BindAsync(CancellationToken cancellationToken)
   at Microsoft.AspNetCore.Server.Kestrel.Core.KestrelServerImpl.StartAsync[TContext](IHttpApplication`1 application, CancellationToken cancellationToken)
   at Microsoft.AspNetCore.Hosting.GenericWebHostService.StartAsync(CancellationToken cancellationToken)
   at Microsoft.Extensions.Hosting.Internal.Host.<StartAsync>b__15_1(IHostedService service, CancellationToken token)
   at Microsoft.Extensions.Hosting.Internal.Host.ForeachService[T](IEnumerable`1 services, CancellationToken token, Boolean concurrent, Boolean abortOnFirstException, List`1 exceptions, Func`3 operation)
   at Microsoft.Extensions.Hosting.Internal.Host.StartAsync(CancellationToken cancellationToken)
   at Microsoft.Extensions.Hosting.HostingAbstractionsHostExtensions.RunAsync(IHost host, CancellationToken token)
   at Microsoft.Extensions.Hosting.HostingAbstractionsHostExtensions.RunAsync(IHost host, CancellationToken token)
   at Microsoft.Extensions.Hosting.HostingAbstractionsHostExtensions.Run(IHost host)
   at Program.<Main>$(String[] args) in D:\term 9\wardmate-backend\src\Services\WardMate.Services.DocumentForm\WardMate.Services.DocumentForm.API\Program.cs:line 102
2026-10-01 13:08:40.977 +07:00 [ERR] Microsoft.EntityFrameworkCore.Database.Command: Failed executing DbCommand (5ms) [Parameters=[], CommandType='"Text"', CommandTimeout='30']
CREATE TABLE document.application_forms (
    id uuid NOT NULL DEFAULT (uuid_generate_v4()),
    application_id uuid NOT NULL,
    form_data jsonb NOT NULL,
    created_by character varying(100),
    updated_by character varying(100),
    created_at timestamptz NOT NULL,
    updated_at timestamptz,
    is_deleted boolean NOT NULL DEFAULT FALSE,
    deleted_at timestamptz,
    CONSTRAINT pk_application_forms PRIMARY KEY (id)
);
2026-10-01 13:08:41.020 +07:00 [WRN] : Failed to apply database migrations automatically on startup.
Npgsql.PostgresException (0x80004005): 42883: function uuid_generate_v4() does not exist

POSITION: 74
   at Npgsql.Internal.NpgsqlConnector.ReadMessageLong(Boolean async, DataRowLoadingMode dataRowLoadingMode, Boolean readingNotifications, Boolean isReadingPrependedMessage)
   at System.Runtime.CompilerServices.PoolingAsyncValueTaskMethodBuilder`1.StateMachineBox`1.System.Threading.Tasks.Sources.IValueTaskSource<TResult>.GetResult(Int16 token)
   at Npgsql.NpgsqlDataReader.NextResult(Boolean async, Boolean isConsuming, CancellationToken cancellationToken)
   at Npgsql.NpgsqlDataReader.NextResult(Boolean async, Boolean isConsuming, CancellationToken cancellationToken)
   at Npgsql.NpgsqlCommand.ExecuteReader(Boolean async, CommandBehavior behavior, CancellationToken cancellationToken)
   at Npgsql.NpgsqlCommand.ExecuteReader(Boolean async, CommandBehavior behavior, CancellationToken cancellationToken)
   at Npgsql.NpgsqlCommand.ExecuteNonQuery(Boolean async, CancellationToken cancellationToken)
   at Microsoft.EntityFrameworkCore.Storage.RelationalCommand.ExecuteNonQueryAsync(RelationalCommandParameterObject parameterObject, CancellationToken cancellationToken)
   at Microsoft.EntityFrameworkCore.Storage.RelationalCommand.ExecuteNonQueryAsync(RelationalCommandParameterObject parameterObject, CancellationToken cancellationToken)
   at Microsoft.EntityFrameworkCore.Storage.RelationalCommand.ExecuteNonQueryAsync(RelationalCommandParameterObject parameterObject, CancellationToken cancellationToken)
   at Microsoft.EntityFrameworkCore.Migrations.Internal.MigrationCommandExecutor.ExecuteNonQueryAsync(IEnumerable`1 migrationCommands, IRelationalConnection connection, CancellationToken cancellationToken)
   at Microsoft.EntityFrameworkCore.Migrations.Internal.MigrationCommandExecutor.ExecuteNonQueryAsync(IEnumerable`1 migrationCommands, IRelationalConnection connection, CancellationToken cancellationToken)
   at Microsoft.EntityFrameworkCore.Migrations.Internal.MigrationCommandExecutor.ExecuteNonQueryAsync(IEnumerable`1 migrationCommands, IRelationalConnection connection, CancellationToken cancellationToken)
   at Microsoft.EntityFrameworkCore.Migrations.Internal.MigrationCommandExecutor.ExecuteNonQueryAsync(IEnumerable`1 migrationCommands, IRelationalConnection connection, CancellationToken cancellationToken)
   at Microsoft.EntityFrameworkCore.Migrations.Internal.Migrator.MigrateAsync(String targetMigration, CancellationToken cancellationToken)
   at Npgsql.EntityFrameworkCore.PostgreSQL.Migrations.Internal.NpgsqlMigrator.MigrateAsync(String targetMigration, CancellationToken cancellationToken)
   at Program.<Main>$(String[] args) in D:\term 9\wardmate-backend\src\Services\WardMate.Services.DocumentForm\WardMate.Services.DocumentForm.API\Program.cs:line 69
   at Program.<Main>$(String[] args) in D:\term 9\wardmate-backend\src\Services\WardMate.Services.DocumentForm\WardMate.Services.DocumentForm.API\Program.cs:line 69
  Exception data:
    Severity: ERROR
    SqlState: 42883
    MessageText: function uuid_generate_v4() does not exist
    Hint: No function matches the given name and argument types. You might need to add explicit type casts.
    Position: 74
    File: parse_func.c
    Line: 629
    Routine: ParseFuncOrColumn
2026-10-01 13:08:41.102 +07:00 [INF] : WardMate.Services.DocumentForm started successfully.
2026-10-01 13:08:41.142 +07:00 [INF] Microsoft.Hosting.Lifetime: Now listening on: http://localhost:5004
2026-10-01 13:08:41.147 +07:00 [INF] Microsoft.Hosting.Lifetime: Application started. Press Ctrl+C to shut down.
2026-10-01 13:08:41.149 +07:00 [INF] Microsoft.Hosting.Lifetime: Hosting environment: Development
2026-10-01 13:08:41.152 +07:00 [INF] Microsoft.Hosting.Lifetime: Content root path: D:\term 9\wardmate-backend\src\Services\WardMate.Services.DocumentForm\WardMate.Services.DocumentForm.API
2026-10-01 13:08:45.325 +07:00 [INF] WardMate.SharedKernel.Logging.RequestLoggingMiddleware: HTTP GET /swagger/index.html  => 200 [161ms] | IP: ::1 | TraceId: 0HNOVG9PK9PP1:00000001
2026-10-01 13:08:45.339 +07:00 [INF] Serilog.AspNetCore.RequestLoggingMiddleware: HTTP GET /swagger/index.html responded 200 in 188.467 ms
2026-10-01 13:08:45.361 +07:00 [INF] WardMate.SharedKernel.Logging.RequestLoggingMiddleware: HTTP GET /swagger/index.js  => 200 [2ms] | IP: ::1 | TraceId: 0HNOVG9PK9PP1:00000002
2026-10-01 13:08:45.368 +07:00 [INF] Serilog.AspNetCore.RequestLoggingMiddleware: HTTP GET /swagger/index.js responded 200 in 8.948 ms
2026-10-01 13:08:45.773 +07:00 [INF] WardMate.SharedKernel.Logging.RequestLoggingMiddleware: HTTP GET /swagger/v1/swagger.json  => 200 [213ms] | IP: ::1 | TraceId: 0HNOVG9PK9PP1:00000003
2026-10-01 13:08:45.784 +07:00 [INF] Serilog.AspNetCore.RequestLoggingMiddleware: HTTP GET /swagger/v1/swagger.json responded 200 in 223.877 ms
2026-10-01 13:09:50.065 +07:00 [ERR] Microsoft.EntityFrameworkCore.Database.Command: Failed executing DbCommand (18ms) [Parameters=[@__request_TemplateId_0='?' (DbType = Guid)], CommandType='"Text"', CommandTimeout='30']
SELECT t.id, t.code, t.created_at, t.created_by, t.deleted_at, t.file_docx_url, t.is_active, t.is_deleted, t.title, t.updated_at, t.updated_by, f0.id, f0.created_at, f0.created_by, f0.deleted_at, f0.is_deleted, f0.schema_definition, f0.template_id, f0.updated_at, f0.updated_by, f0.version_number
FROM (
    SELECT f.id, f.code, f.created_at, f.created_by, f.deleted_at, f.file_docx_url, f.is_active, f.is_deleted, f.title, f.updated_at, f.updated_by
    FROM document.form_templates AS f
    WHERE f.id = @__request_TemplateId_0
    LIMIT 1
) AS t
LEFT JOIN document.form_template_versions AS f0 ON t.id = f0.template_id
ORDER BY t.id
2026-10-01 13:09:50.093 +07:00 [ERR] Microsoft.EntityFrameworkCore.Query: An exception occurred while iterating over the results of a query for context type 'WardMate.Services.DocumentForm.Infrastructure.Persistence.DocumentDbContext'.
Npgsql.PostgresException (0x80004005): 42P01: relation "document.form_templates" does not exist

POSITION: 464
   at Npgsql.Internal.NpgsqlConnector.ReadMessageLong(Boolean async, DataRowLoadingMode dataRowLoadingMode, Boolean readingNotifications, Boolean isReadingPrependedMessage)
   at System.Runtime.CompilerServices.PoolingAsyncValueTaskMethodBuilder`1.StateMachineBox`1.System.Threading.Tasks.Sources.IValueTaskSource<TResult>.GetResult(Int16 token)
   at Npgsql.NpgsqlDataReader.NextResult(Boolean async, Boolean isConsuming, CancellationToken cancellationToken)
   at Npgsql.NpgsqlDataReader.NextResult(Boolean async, Boolean isConsuming, CancellationToken cancellationToken)
   at Npgsql.NpgsqlCommand.ExecuteReader(Boolean async, CommandBehavior behavior, CancellationToken cancellationToken)
   at Npgsql.NpgsqlCommand.ExecuteReader(Boolean async, CommandBehavior behavior, CancellationToken cancellationToken)
   at Npgsql.NpgsqlCommand.ExecuteDbDataReaderAsync(CommandBehavior behavior, CancellationToken cancellationToken)
   at Microsoft.EntityFrameworkCore.Storage.RelationalCommand.ExecuteReaderAsync(RelationalCommandParameterObject parameterObject, CancellationToken cancellationToken)
   at Microsoft.EntityFrameworkCore.Storage.RelationalCommand.ExecuteReaderAsync(RelationalCommandParameterObject parameterObject, CancellationToken cancellationToken)
   at Microsoft.EntityFrameworkCore.Query.Internal.SingleQueryingEnumerable`1.AsyncEnumerator.InitializeReaderAsync(AsyncEnumerator enumerator, CancellationToken cancellationToken)
   at Npgsql.EntityFrameworkCore.PostgreSQL.Storage.Internal.NpgsqlExecutionStrategy.ExecuteAsync[TState,TResult](TState state, Func`4 operation, Func`4 verifySucceeded, CancellationToken cancellationToken)
   at Microsoft.EntityFrameworkCore.Query.Internal.SingleQueryingEnumerable`1.AsyncEnumerator.MoveNextAsync()
  Exception data:
    Severity: ERROR
    SqlState: 42P01
    MessageText: relation "document.form_templates" does not exist
    Position: 464
    File: parse_relation.c
    Line: 1428
    Routine: parserOpenTable
Npgsql.PostgresException (0x80004005): 42P01: relation "document.form_templates" does not exist

POSITION: 464
   at Npgsql.Internal.NpgsqlConnector.ReadMessageLong(Boolean async, DataRowLoadingMode dataRowLoadingMode, Boolean readingNotifications, Boolean isReadingPrependedMessage)
   at System.Runtime.CompilerServices.PoolingAsyncValueTaskMethodBuilder`1.StateMachineBox`1.System.Threading.Tasks.Sources.IValueTaskSource<TResult>.GetResult(Int16 token)
   at Npgsql.NpgsqlDataReader.NextResult(Boolean async, Boolean isConsuming, CancellationToken cancellationToken)
   at Npgsql.NpgsqlDataReader.NextResult(Boolean async, Boolean isConsuming, CancellationToken cancellationToken)
   at Npgsql.NpgsqlCommand.ExecuteReader(Boolean async, CommandBehavior behavior, CancellationToken cancellationToken)
   at Npgsql.NpgsqlCommand.ExecuteReader(Boolean async, CommandBehavior behavior, CancellationToken cancellationToken)
   at Npgsql.NpgsqlCommand.ExecuteDbDataReaderAsync(CommandBehavior behavior, CancellationToken cancellationToken)
   at Microsoft.EntityFrameworkCore.Storage.RelationalCommand.ExecuteReaderAsync(RelationalCommandParameterObject parameterObject, CancellationToken cancellationToken)
   at Microsoft.EntityFrameworkCore.Storage.RelationalCommand.ExecuteReaderAsync(RelationalCommandParameterObject parameterObject, CancellationToken cancellationToken)
   at Microsoft.EntityFrameworkCore.Query.Internal.SingleQueryingEnumerable`1.AsyncEnumerator.InitializeReaderAsync(AsyncEnumerator enumerator, CancellationToken cancellationToken)
   at Npgsql.EntityFrameworkCore.PostgreSQL.Storage.Internal.NpgsqlExecutionStrategy.ExecuteAsync[TState,TResult](TState state, Func`4 operation, Func`4 verifySucceeded, CancellationToken cancellationToken)
   at Microsoft.EntityFrameworkCore.Query.Internal.SingleQueryingEnumerable`1.AsyncEnumerator.MoveNextAsync()
  Exception data:
    Severity: ERROR
    SqlState: 42P01
    MessageText: relation "document.form_templates" does not exist
    Position: 464
    File: parse_relation.c
    Line: 1428
    Routine: parserOpenTable
2026-10-01 13:09:50.142 +07:00 [ERR] Microsoft.AspNetCore.Diagnostics.ExceptionHandlerMiddleware: An unhandled exception has occurred while executing the request.
Npgsql.PostgresException (0x80004005): 42P01: relation "document.form_templates" does not exist

POSITION: 464
   at Npgsql.Internal.NpgsqlConnector.ReadMessageLong(Boolean async, DataRowLoadingMode dataRowLoadingMode, Boolean readingNotifications, Boolean isReadingPrependedMessage)
   at System.Runtime.CompilerServices.PoolingAsyncValueTaskMethodBuilder`1.StateMachineBox`1.System.Threading.Tasks.Sources.IValueTaskSource<TResult>.GetResult(Int16 token)
   at Npgsql.NpgsqlDataReader.NextResult(Boolean async, Boolean isConsuming, CancellationToken cancellationToken)
   at Npgsql.NpgsqlDataReader.NextResult(Boolean async, Boolean isConsuming, CancellationToken cancellationToken)
   at Npgsql.NpgsqlCommand.ExecuteReader(Boolean async, CommandBehavior behavior, CancellationToken cancellationToken)
   at Npgsql.NpgsqlCommand.ExecuteReader(Boolean async, CommandBehavior behavior, CancellationToken cancellationToken)
   at Npgsql.NpgsqlCommand.ExecuteDbDataReaderAsync(CommandBehavior behavior, CancellationToken cancellationToken)
   at Microsoft.EntityFrameworkCore.Storage.RelationalCommand.ExecuteReaderAsync(RelationalCommandParameterObject parameterObject, CancellationToken cancellationToken)
   at Microsoft.EntityFrameworkCore.Storage.RelationalCommand.ExecuteReaderAsync(RelationalCommandParameterObject parameterObject, CancellationToken cancellationToken)
   at Microsoft.EntityFrameworkCore.Query.Internal.SingleQueryingEnumerable`1.AsyncEnumerator.InitializeReaderAsync(AsyncEnumerator enumerator, CancellationToken cancellationToken)
   at Npgsql.EntityFrameworkCore.PostgreSQL.Storage.Internal.NpgsqlExecutionStrategy.ExecuteAsync[TState,TResult](TState state, Func`4 operation, Func`4 verifySucceeded, CancellationToken cancellationToken)
   at Microsoft.EntityFrameworkCore.Query.Internal.SingleQueryingEnumerable`1.AsyncEnumerator.MoveNextAsync()
   at Microsoft.EntityFrameworkCore.Query.ShapedQueryCompilingExpressionVisitor.SingleOrDefaultAsync[TSource](IAsyncEnumerable`1 asyncEnumerable, CancellationToken cancellationToken)
   at Microsoft.EntityFrameworkCore.Query.ShapedQueryCompilingExpressionVisitor.SingleOrDefaultAsync[TSource](IAsyncEnumerable`1 asyncEnumerable, CancellationToken cancellationToken)
   at WardMate.Services.DocumentForm.Application.Commands.UploadFormTemplateDocxCommandHandler.Handle(UploadFormTemplateDocxCommand request, CancellationToken cancellationToken) in D:\term 9\wardmate-backend\src\Services\WardMate.Services.DocumentForm\WardMate.Services.DocumentForm.Application\Commands\UploadFormTemplateDocxCommand.cs:line 66
   at WardMate.Services.DocumentForm.API.Controllers.FormTemplatesController.UploadDocx(Guid templateId, IFormFile file, CancellationToken cancellationToken) in D:\term 9\wardmate-backend\src\Services\WardMate.Services.DocumentForm\WardMate.Services.DocumentForm.API\Controllers\FormTemplatesController.cs:line 145
   at Microsoft.AspNetCore.Mvc.Infrastructure.ActionMethodExecutor.TaskOfIActionResultExecutor.Execute(ActionContext actionContext, IActionResultTypeMapper mapper, ObjectMethodExecutor executor, Object controller, Object[] arguments)
   at Microsoft.AspNetCore.Mvc.Infrastructure.ControllerActionInvoker.<InvokeActionMethodAsync>g__Awaited|12_0(ControllerActionInvoker invoker, ValueTask`1 actionResultValueTask)
   at Microsoft.AspNetCore.Mvc.Infrastructure.ControllerActionInvoker.<InvokeNextActionFilterAsync>g__Awaited|10_0(ControllerActionInvoker invoker, Task lastTask, State next, Scope scope, Object state, Boolean isCompleted)
   at Microsoft.AspNetCore.Mvc.Infrastructure.ControllerActionInvoker.Rethrow(ActionExecutedContextSealed context)
   at Microsoft.AspNetCore.Mvc.Infrastructure.ControllerActionInvoker.Next(State& next, Scope& scope, Object& state, Boolean& isCompleted)
   at Microsoft.AspNetCore.Mvc.Infrastructure.ControllerActionInvoker.<InvokeInnerFilterAsync>g__Awaited|13_0(ControllerActionInvoker invoker, Task lastTask, State next, Scope scope, Object state, Boolean isCompleted)
   at Microsoft.AspNetCore.Mvc.Infrastructure.ResourceInvoker.<InvokeNextResourceFilter>g__Awaited|25_0(ResourceInvoker invoker, Task lastTask, State next, Scope scope, Object state, Boolean isCompleted)
   at Microsoft.AspNetCore.Mvc.Infrastructure.ResourceInvoker.Rethrow(ResourceExecutedContextSealed context)
   at Microsoft.AspNetCore.Mvc.Infrastructure.ResourceInvoker.Next(State& next, Scope& scope, Object& state, Boolean& isCompleted)
   at Microsoft.AspNetCore.Mvc.Infrastructure.ResourceInvoker.<InvokeFilterPipelineAsync>g__Awaited|20_0(ResourceInvoker invoker, Task lastTask, State next, Scope scope, Object state, Boolean isCompleted)
   at Microsoft.AspNetCore.Mvc.Infrastructure.ResourceInvoker.<InvokeAsync>g__Awaited|17_0(ResourceInvoker invoker, Task task, IDisposable scope)
   at Microsoft.AspNetCore.Mvc.Infrastructure.ResourceInvoker.<InvokeAsync>g__Awaited|17_0(ResourceInvoker invoker, Task task, IDisposable scope)
   at Swashbuckle.AspNetCore.SwaggerUI.SwaggerUIMiddleware.Invoke(HttpContext httpContext)
   at Swashbuckle.AspNetCore.Swagger.SwaggerMiddleware.Invoke(HttpContext httpContext, ISwaggerProvider swaggerProvider)
   at Microsoft.AspNetCore.Diagnostics.StatusCodePagesMiddleware.Invoke(HttpContext context)
   at Microsoft.AspNetCore.Diagnostics.ExceptionHandlerMiddlewareImpl.<Invoke>g__Awaited|10_0(ExceptionHandlerMiddlewareImpl middleware, HttpContext context, Task task)
  Exception data:
    Severity: ERROR
    SqlState: 42P01
    MessageText: relation "document.form_templates" does not exist
    Position: 464
    File: parse_relation.c
    Line: 1428
    Routine: parserOpenTable
2026-10-01 13:09:50.208 +07:00 [ERR] WardMate.SharedKernel.Web.GlobalExceptionHandler: Unhandled request exception. TraceId: 00-915a0a1c1859cbfb42682ab75aca42df-73231016630195b4-00
Npgsql.PostgresException (0x80004005): 42P01: relation "document.form_templates" does not exist

POSITION: 464
   at Npgsql.Internal.NpgsqlConnector.ReadMessageLong(Boolean async, DataRowLoadingMode dataRowLoadingMode, Boolean readingNotifications, Boolean isReadingPrependedMessage)
   at System.Runtime.CompilerServices.PoolingAsyncValueTaskMethodBuilder`1.StateMachineBox`1.System.Threading.Tasks.Sources.IValueTaskSource<TResult>.GetResult(Int16 token)
   at Npgsql.NpgsqlDataReader.NextResult(Boolean async, Boolean isConsuming, CancellationToken cancellationToken)
   at Npgsql.NpgsqlDataReader.NextResult(Boolean async, Boolean isConsuming, CancellationToken cancellationToken)
   at Npgsql.NpgsqlCommand.ExecuteReader(Boolean async, CommandBehavior behavior, CancellationToken cancellationToken)
   at Npgsql.NpgsqlCommand.ExecuteReader(Boolean async, CommandBehavior behavior, CancellationToken cancellationToken)
   at Npgsql.NpgsqlCommand.ExecuteDbDataReaderAsync(CommandBehavior behavior, CancellationToken cancellationToken)
   at Microsoft.EntityFrameworkCore.Storage.RelationalCommand.ExecuteReaderAsync(RelationalCommandParameterObject parameterObject, CancellationToken cancellationToken)
   at Microsoft.EntityFrameworkCore.Storage.RelationalCommand.ExecuteReaderAsync(RelationalCommandParameterObject parameterObject, CancellationToken cancellationToken)
   at Microsoft.EntityFrameworkCore.Query.Internal.SingleQueryingEnumerable`1.AsyncEnumerator.InitializeReaderAsync(AsyncEnumerator enumerator, CancellationToken cancellationToken)
   at Npgsql.EntityFrameworkCore.PostgreSQL.Storage.Internal.NpgsqlExecutionStrategy.ExecuteAsync[TState,TResult](TState state, Func`4 operation, Func`4 verifySucceeded, CancellationToken cancellationToken)
   at Microsoft.EntityFrameworkCore.Query.Internal.SingleQueryingEnumerable`1.AsyncEnumerator.MoveNextAsync()
   at Microsoft.EntityFrameworkCore.Query.ShapedQueryCompilingExpressionVisitor.SingleOrDefaultAsync[TSource](IAsyncEnumerable`1 asyncEnumerable, CancellationToken cancellationToken)
   at Microsoft.EntityFrameworkCore.Query.ShapedQueryCompilingExpressionVisitor.SingleOrDefaultAsync[TSource](IAsyncEnumerable`1 asyncEnumerable, CancellationToken cancellationToken)
   at WardMate.Services.DocumentForm.Application.Commands.UploadFormTemplateDocxCommandHandler.Handle(UploadFormTemplateDocxCommand request, CancellationToken cancellationToken) in D:\term 9\wardmate-backend\src\Services\WardMate.Services.DocumentForm\WardMate.Services.DocumentForm.Application\Commands\UploadFormTemplateDocxCommand.cs:line 66
   at WardMate.Services.DocumentForm.API.Controllers.FormTemplatesController.UploadDocx(Guid templateId, IFormFile file, CancellationToken cancellationToken) in D:\term 9\wardmate-backend\src\Services\WardMate.Services.DocumentForm\WardMate.Services.DocumentForm.API\Controllers\FormTemplatesController.cs:line 145
   at Microsoft.AspNetCore.Mvc.Infrastructure.ActionMethodExecutor.TaskOfIActionResultExecutor.Execute(ActionContext actionContext, IActionResultTypeMapper mapper, ObjectMethodExecutor executor, Object controller, Object[] arguments)
   at Microsoft.AspNetCore.Mvc.Infrastructure.ControllerActionInvoker.<InvokeActionMethodAsync>g__Awaited|12_0(ControllerActionInvoker invoker, ValueTask`1 actionResultValueTask)
   at Microsoft.AspNetCore.Mvc.Infrastructure.ControllerActionInvoker.<InvokeNextActionFilterAsync>g__Awaited|10_0(ControllerActionInvoker invoker, Task lastTask, State next, Scope scope, Object state, Boolean isCompleted)
   at Microsoft.AspNetCore.Mvc.Infrastructure.ControllerActionInvoker.Rethrow(ActionExecutedContextSealed context)
   at Microsoft.AspNetCore.Mvc.Infrastructure.ControllerActionInvoker.Next(State& next, Scope& scope, Object& state, Boolean& isCompleted)
   at Microsoft.AspNetCore.Mvc.Infrastructure.ControllerActionInvoker.<InvokeInnerFilterAsync>g__Awaited|13_0(ControllerActionInvoker invoker, Task lastTask, State next, Scope scope, Object state, Boolean isCompleted)
   at Microsoft.AspNetCore.Mvc.Infrastructure.ResourceInvoker.<InvokeNextResourceFilter>g__Awaited|25_0(ResourceInvoker invoker, Task lastTask, State next, Scope scope, Object state, Boolean isCompleted)
   at Microsoft.AspNetCore.Mvc.Infrastructure.ResourceInvoker.Rethrow(ResourceExecutedContextSealed context)
   at Microsoft.AspNetCore.Mvc.Infrastructure.ResourceInvoker.Next(State& next, Scope& scope, Object& state, Boolean& isCompleted)
   at Microsoft.AspNetCore.Mvc.Infrastructure.ResourceInvoker.<InvokeFilterPipelineAsync>g__Awaited|20_0(ResourceInvoker invoker, Task lastTask, State next, Scope scope, Object state, Boolean isCompleted)
   at Microsoft.AspNetCore.Mvc.Infrastructure.ResourceInvoker.<InvokeAsync>g__Awaited|17_0(ResourceInvoker invoker, Task task, IDisposable scope)
   at Microsoft.AspNetCore.Mvc.Infrastructure.ResourceInvoker.<InvokeAsync>g__Awaited|17_0(ResourceInvoker invoker, Task task, IDisposable scope)
   at Swashbuckle.AspNetCore.SwaggerUI.SwaggerUIMiddleware.Invoke(HttpContext httpContext)
   at Swashbuckle.AspNetCore.Swagger.SwaggerMiddleware.Invoke(HttpContext httpContext, ISwaggerProvider swaggerProvider)
   at Microsoft.AspNetCore.Diagnostics.StatusCodePagesMiddleware.Invoke(HttpContext context)
   at Microsoft.AspNetCore.Diagnostics.ExceptionHandlerMiddlewareImpl.<Invoke>g__Awaited|10_0(ExceptionHandlerMiddlewareImpl middleware, HttpContext context, Task task)
  Exception data:
    Severity: ERROR
    SqlState: 42P01
    MessageText: relation "document.form_templates" does not exist
    Position: 464
    File: parse_relation.c
    Line: 1428
    Routine: parserOpenTable
2026-10-01 13:09:50.286 +07:00 [ERR] WardMate.SharedKernel.Logging.RequestLoggingMiddleware: HTTP POST /api/v1/form-templates/f0697f38-f4ab-4e80-a4c8-8023e0d53da2/upload-docx  => 500 [1115ms] | IP: ::1 | TraceId: 0HNOVG9PK9PP1:00000004
2026-10-01 13:09:50.295 +07:00 [ERR] Serilog.AspNetCore.RequestLoggingMiddleware: HTTP POST /api/v1/form-templates/f0697f38-f4ab-4e80-a4c8-8023e0d53da2/upload-docx responded 500 in 1124.908 ms
2026-10-01 13:14:53.707 +07:00 [INF] Microsoft.Hosting.Lifetime: Application is shutting down...
2026-10-01 13:23:09.135 +07:00 [ERR] Microsoft.EntityFrameworkCore.Database.Command: Failed executing DbCommand (20ms) [Parameters=[], CommandType='"Text"', CommandTimeout='30']
CREATE TABLE document.application_forms (
    id uuid NOT NULL DEFAULT (uuid_generate_v4()),
    application_id uuid NOT NULL,
    form_data jsonb NOT NULL,
    created_by character varying(100),
    updated_by character varying(100),
    created_at timestamptz NOT NULL,
    updated_at timestamptz,
    is_deleted boolean NOT NULL DEFAULT FALSE,
    deleted_at timestamptz,
    CONSTRAINT pk_application_forms PRIMARY KEY (id)
);
2026-10-01 13:23:09.223 +07:00 [WRN] : Failed to apply database migrations automatically on startup.
Npgsql.PostgresException (0x80004005): 42883: function uuid_generate_v4() does not exist

POSITION: 74
   at Npgsql.Internal.NpgsqlConnector.ReadMessageLong(Boolean async, DataRowLoadingMode dataRowLoadingMode, Boolean readingNotifications, Boolean isReadingPrependedMessage)
   at System.Runtime.CompilerServices.PoolingAsyncValueTaskMethodBuilder`1.StateMachineBox`1.System.Threading.Tasks.Sources.IValueTaskSource<TResult>.GetResult(Int16 token)
   at Npgsql.NpgsqlDataReader.NextResult(Boolean async, Boolean isConsuming, CancellationToken cancellationToken)
   at Npgsql.NpgsqlDataReader.NextResult(Boolean async, Boolean isConsuming, CancellationToken cancellationToken)
   at Npgsql.NpgsqlCommand.ExecuteReader(Boolean async, CommandBehavior behavior, CancellationToken cancellationToken)
   at Npgsql.NpgsqlCommand.ExecuteReader(Boolean async, CommandBehavior behavior, CancellationToken cancellationToken)
   at Npgsql.NpgsqlCommand.ExecuteNonQuery(Boolean async, CancellationToken cancellationToken)
   at Microsoft.EntityFrameworkCore.Storage.RelationalCommand.ExecuteNonQueryAsync(RelationalCommandParameterObject parameterObject, CancellationToken cancellationToken)
   at Microsoft.EntityFrameworkCore.Storage.RelationalCommand.ExecuteNonQueryAsync(RelationalCommandParameterObject parameterObject, CancellationToken cancellationToken)
   at Microsoft.EntityFrameworkCore.Storage.RelationalCommand.ExecuteNonQueryAsync(RelationalCommandParameterObject parameterObject, CancellationToken cancellationToken)
   at Microsoft.EntityFrameworkCore.Migrations.Internal.MigrationCommandExecutor.ExecuteNonQueryAsync(IEnumerable`1 migrationCommands, IRelationalConnection connection, CancellationToken cancellationToken)
   at Microsoft.EntityFrameworkCore.Migrations.Internal.MigrationCommandExecutor.ExecuteNonQueryAsync(IEnumerable`1 migrationCommands, IRelationalConnection connection, CancellationToken cancellationToken)
   at Microsoft.EntityFrameworkCore.Migrations.Internal.MigrationCommandExecutor.ExecuteNonQueryAsync(IEnumerable`1 migrationCommands, IRelationalConnection connection, CancellationToken cancellationToken)
   at Microsoft.EntityFrameworkCore.Migrations.Internal.MigrationCommandExecutor.ExecuteNonQueryAsync(IEnumerable`1 migrationCommands, IRelationalConnection connection, CancellationToken cancellationToken)
   at Microsoft.EntityFrameworkCore.Migrations.Internal.Migrator.MigrateAsync(String targetMigration, CancellationToken cancellationToken)
   at Npgsql.EntityFrameworkCore.PostgreSQL.Migrations.Internal.NpgsqlMigrator.MigrateAsync(String targetMigration, CancellationToken cancellationToken)
   at Program.<Main>$(String[] args) in D:\term 9\wardmate-backend\src\Services\WardMate.Services.DocumentForm\WardMate.Services.DocumentForm.API\Program.cs:line 69
   at Program.<Main>$(String[] args) in D:\term 9\wardmate-backend\src\Services\WardMate.Services.DocumentForm\WardMate.Services.DocumentForm.API\Program.cs:line 69
  Exception data:
    Severity: ERROR
    SqlState: 42883
    MessageText: function uuid_generate_v4() does not exist
    Hint: No function matches the given name and argument types. You might need to add explicit type casts.
    Position: 74
    File: parse_func.c
    Line: 629
    Routine: ParseFuncOrColumn
2026-10-01 13:23:09.398 +07:00 [INF] : WardMate.Services.DocumentForm started successfully.
2026-10-01 13:23:09.480 +07:00 [INF] Microsoft.Hosting.Lifetime: Now listening on: http://localhost:5004
2026-10-01 13:23:09.485 +07:00 [INF] Microsoft.Hosting.Lifetime: Application started. Press Ctrl+C to shut down.
2026-10-01 13:23:09.487 +07:00 [INF] Microsoft.Hosting.Lifetime: Hosting environment: Development
2026-10-01 13:23:09.491 +07:00 [INF] Microsoft.Hosting.Lifetime: Content root path: D:\term 9\wardmate-backend\src\Services\WardMate.Services.DocumentForm\WardMate.Services.DocumentForm.API
2026-10-01 13:23:15.474 +07:00 [INF] WardMate.SharedKernel.Logging.RequestLoggingMiddleware: HTTP GET /swagger/index.html  => 200 [168ms] | IP: ::1 | TraceId: 0HNOVGHSUOMB4:00000001
2026-10-01 13:23:15.484 +07:00 [INF] WardMate.SharedKernel.Logging.RequestLoggingMiddleware: HTTP GET /swagger/index.js  => 200 [3ms] | IP: ::1 | TraceId: 0HNOVGHSUOMB5:00000001
2026-10-01 13:23:15.488 +07:00 [INF] Serilog.AspNetCore.RequestLoggingMiddleware: HTTP GET /swagger/index.html responded 200 in 195.459 ms
2026-10-01 13:23:15.491 +07:00 [INF] Serilog.AspNetCore.RequestLoggingMiddleware: HTTP GET /swagger/index.js responded 200 in 10.419 ms
2026-10-01 13:23:15.863 +07:00 [INF] WardMate.SharedKernel.Logging.RequestLoggingMiddleware: HTTP GET /swagger/v1/swagger.json  => 200 [263ms] | IP: ::1 | TraceId: 0HNOVGHSUOMB5:00000002
2026-10-01 13:23:15.871 +07:00 [INF] Serilog.AspNetCore.RequestLoggingMiddleware: HTTP GET /swagger/v1/swagger.json responded 200 in 271.576 ms
2026-10-01 13:23:32.609 +07:00 [ERR] Microsoft.EntityFrameworkCore.Database.Command: Failed executing DbCommand (22ms) [Parameters=[@__request_TemplateId_0='?' (DbType = Guid)], CommandType='"Text"', CommandTimeout='30']
SELECT t.id, t.code, t.created_at, t.created_by, t.deleted_at, t.file_docx_url, t.is_active, t.is_deleted, t.title, t.updated_at, t.updated_by, f0.id, f0.created_at, f0.created_by, f0.deleted_at, f0.is_deleted, f0.schema_definition, f0.template_id, f0.updated_at, f0.updated_by, f0.version_number
FROM (
    SELECT f.id, f.code, f.created_at, f.created_by, f.deleted_at, f.file_docx_url, f.is_active, f.is_deleted, f.title, f.updated_at, f.updated_by
    FROM document.form_templates AS f
    WHERE f.id = @__request_TemplateId_0
    LIMIT 1
) AS t
LEFT JOIN document.form_template_versions AS f0 ON t.id = f0.template_id
ORDER BY t.id
2026-10-01 13:23:32.632 +07:00 [ERR] Microsoft.EntityFrameworkCore.Query: An exception occurred while iterating over the results of a query for context type 'WardMate.Services.DocumentForm.Infrastructure.Persistence.DocumentDbContext'.
Npgsql.PostgresException (0x80004005): 42P01: relation "document.form_templates" does not exist

POSITION: 464
   at Npgsql.Internal.NpgsqlConnector.ReadMessageLong(Boolean async, DataRowLoadingMode dataRowLoadingMode, Boolean readingNotifications, Boolean isReadingPrependedMessage)
   at System.Runtime.CompilerServices.PoolingAsyncValueTaskMethodBuilder`1.StateMachineBox`1.System.Threading.Tasks.Sources.IValueTaskSource<TResult>.GetResult(Int16 token)
   at Npgsql.NpgsqlDataReader.NextResult(Boolean async, Boolean isConsuming, CancellationToken cancellationToken)
   at Npgsql.NpgsqlDataReader.NextResult(Boolean async, Boolean isConsuming, CancellationToken cancellationToken)
   at Npgsql.NpgsqlCommand.ExecuteReader(Boolean async, CommandBehavior behavior, CancellationToken cancellationToken)
   at Npgsql.NpgsqlCommand.ExecuteReader(Boolean async, CommandBehavior behavior, CancellationToken cancellationToken)
   at Npgsql.NpgsqlCommand.ExecuteDbDataReaderAsync(CommandBehavior behavior, CancellationToken cancellationToken)
   at Microsoft.EntityFrameworkCore.Storage.RelationalCommand.ExecuteReaderAsync(RelationalCommandParameterObject parameterObject, CancellationToken cancellationToken)
   at Microsoft.EntityFrameworkCore.Storage.RelationalCommand.ExecuteReaderAsync(RelationalCommandParameterObject parameterObject, CancellationToken cancellationToken)
   at Microsoft.EntityFrameworkCore.Query.Internal.SingleQueryingEnumerable`1.AsyncEnumerator.InitializeReaderAsync(AsyncEnumerator enumerator, CancellationToken cancellationToken)
   at Npgsql.EntityFrameworkCore.PostgreSQL.Storage.Internal.NpgsqlExecutionStrategy.ExecuteAsync[TState,TResult](TState state, Func`4 operation, Func`4 verifySucceeded, CancellationToken cancellationToken)
   at Microsoft.EntityFrameworkCore.Query.Internal.SingleQueryingEnumerable`1.AsyncEnumerator.MoveNextAsync()
  Exception data:
    Severity: ERROR
    SqlState: 42P01
    MessageText: relation "document.form_templates" does not exist
    Position: 464
    File: parse_relation.c
    Line: 1428
    Routine: parserOpenTable
Npgsql.PostgresException (0x80004005): 42P01: relation "document.form_templates" does not exist

POSITION: 464
   at Npgsql.Internal.NpgsqlConnector.ReadMessageLong(Boolean async, DataRowLoadingMode dataRowLoadingMode, Boolean readingNotifications, Boolean isReadingPrependedMessage)
   at System.Runtime.CompilerServices.PoolingAsyncValueTaskMethodBuilder`1.StateMachineBox`1.System.Threading.Tasks.Sources.IValueTaskSource<TResult>.GetResult(Int16 token)
   at Npgsql.NpgsqlDataReader.NextResult(Boolean async, Boolean isConsuming, CancellationToken cancellationToken)
   at Npgsql.NpgsqlDataReader.NextResult(Boolean async, Boolean isConsuming, CancellationToken cancellationToken)
   at Npgsql.NpgsqlCommand.ExecuteReader(Boolean async, CommandBehavior behavior, CancellationToken cancellationToken)
   at Npgsql.NpgsqlCommand.ExecuteReader(Boolean async, CommandBehavior behavior, CancellationToken cancellationToken)
   at Npgsql.NpgsqlCommand.ExecuteDbDataReaderAsync(CommandBehavior behavior, CancellationToken cancellationToken)
   at Microsoft.EntityFrameworkCore.Storage.RelationalCommand.ExecuteReaderAsync(RelationalCommandParameterObject parameterObject, CancellationToken cancellationToken)
   at Microsoft.EntityFrameworkCore.Storage.RelationalCommand.ExecuteReaderAsync(RelationalCommandParameterObject parameterObject, CancellationToken cancellationToken)
   at Microsoft.EntityFrameworkCore.Query.Internal.SingleQueryingEnumerable`1.AsyncEnumerator.InitializeReaderAsync(AsyncEnumerator enumerator, CancellationToken cancellationToken)
   at Npgsql.EntityFrameworkCore.PostgreSQL.Storage.Internal.NpgsqlExecutionStrategy.ExecuteAsync[TState,TResult](TState state, Func`4 operation, Func`4 verifySucceeded, CancellationToken cancellationToken)
   at Microsoft.EntityFrameworkCore.Query.Internal.SingleQueryingEnumerable`1.AsyncEnumerator.MoveNextAsync()
  Exception data:
    Severity: ERROR
    SqlState: 42P01
    MessageText: relation "document.form_templates" does not exist
    Position: 464
    File: parse_relation.c
    Line: 1428
    Routine: parserOpenTable
2026-10-01 13:23:32.675 +07:00 [ERR] Microsoft.AspNetCore.Diagnostics.ExceptionHandlerMiddleware: An unhandled exception has occurred while executing the request.
Npgsql.PostgresException (0x80004005): 42P01: relation "document.form_templates" does not exist

POSITION: 464
   at Npgsql.Internal.NpgsqlConnector.ReadMessageLong(Boolean async, DataRowLoadingMode dataRowLoadingMode, Boolean readingNotifications, Boolean isReadingPrependedMessage)
   at System.Runtime.CompilerServices.PoolingAsyncValueTaskMethodBuilder`1.StateMachineBox`1.System.Threading.Tasks.Sources.IValueTaskSource<TResult>.GetResult(Int16 token)
   at Npgsql.NpgsqlDataReader.NextResult(Boolean async, Boolean isConsuming, CancellationToken cancellationToken)
   at Npgsql.NpgsqlDataReader.NextResult(Boolean async, Boolean isConsuming, CancellationToken cancellationToken)
   at Npgsql.NpgsqlCommand.ExecuteReader(Boolean async, CommandBehavior behavior, CancellationToken cancellationToken)
   at Npgsql.NpgsqlCommand.ExecuteReader(Boolean async, CommandBehavior behavior, CancellationToken cancellationToken)
   at Npgsql.NpgsqlCommand.ExecuteDbDataReaderAsync(CommandBehavior behavior, CancellationToken cancellationToken)
   at Microsoft.EntityFrameworkCore.Storage.RelationalCommand.ExecuteReaderAsync(RelationalCommandParameterObject parameterObject, CancellationToken cancellationToken)
   at Microsoft.EntityFrameworkCore.Storage.RelationalCommand.ExecuteReaderAsync(RelationalCommandParameterObject parameterObject, CancellationToken cancellationToken)
   at Microsoft.EntityFrameworkCore.Query.Internal.SingleQueryingEnumerable`1.AsyncEnumerator.InitializeReaderAsync(AsyncEnumerator enumerator, CancellationToken cancellationToken)
   at Npgsql.EntityFrameworkCore.PostgreSQL.Storage.Internal.NpgsqlExecutionStrategy.ExecuteAsync[TState,TResult](TState state, Func`4 operation, Func`4 verifySucceeded, CancellationToken cancellationToken)
   at Microsoft.EntityFrameworkCore.Query.Internal.SingleQueryingEnumerable`1.AsyncEnumerator.MoveNextAsync()
   at Microsoft.EntityFrameworkCore.Query.ShapedQueryCompilingExpressionVisitor.SingleOrDefaultAsync[TSource](IAsyncEnumerable`1 asyncEnumerable, CancellationToken cancellationToken)
   at Microsoft.EntityFrameworkCore.Query.ShapedQueryCompilingExpressionVisitor.SingleOrDefaultAsync[TSource](IAsyncEnumerable`1 asyncEnumerable, CancellationToken cancellationToken)
   at WardMate.Services.DocumentForm.Application.Commands.UploadFormTemplateDocxCommandHandler.Handle(UploadFormTemplateDocxCommand request, CancellationToken cancellationToken) in D:\term 9\wardmate-backend\src\Services\WardMate.Services.DocumentForm\WardMate.Services.DocumentForm.Application\Commands\UploadFormTemplateDocxCommand.cs:line 66
   at WardMate.Services.DocumentForm.API.Controllers.FormTemplatesController.UploadDocx(Guid templateId, IFormFile file, CancellationToken cancellationToken) in D:\term 9\wardmate-backend\src\Services\WardMate.Services.DocumentForm\WardMate.Services.DocumentForm.API\Controllers\FormTemplatesController.cs:line 145
   at Microsoft.AspNetCore.Mvc.Infrastructure.ActionMethodExecutor.TaskOfIActionResultExecutor.Execute(ActionContext actionContext, IActionResultTypeMapper mapper, ObjectMethodExecutor executor, Object controller, Object[] arguments)
   at Microsoft.AspNetCore.Mvc.Infrastructure.ControllerActionInvoker.<InvokeActionMethodAsync>g__Awaited|12_0(ControllerActionInvoker invoker, ValueTask`1 actionResultValueTask)
   at Microsoft.AspNetCore.Mvc.Infrastructure.ControllerActionInvoker.<InvokeNextActionFilterAsync>g__Awaited|10_0(ControllerActionInvoker invoker, Task lastTask, State next, Scope scope, Object state, Boolean isCompleted)
   at Microsoft.AspNetCore.Mvc.Infrastructure.ControllerActionInvoker.Rethrow(ActionExecutedContextSealed context)
   at Microsoft.AspNetCore.Mvc.Infrastructure.ControllerActionInvoker.Next(State& next, Scope& scope, Object& state, Boolean& isCompleted)
   at Microsoft.AspNetCore.Mvc.Infrastructure.ControllerActionInvoker.<InvokeInnerFilterAsync>g__Awaited|13_0(ControllerActionInvoker invoker, Task lastTask, State next, Scope scope, Object state, Boolean isCompleted)
   at Microsoft.AspNetCore.Mvc.Infrastructure.ResourceInvoker.<InvokeNextResourceFilter>g__Awaited|25_0(ResourceInvoker invoker, Task lastTask, State next, Scope scope, Object state, Boolean isCompleted)
   at Microsoft.AspNetCore.Mvc.Infrastructure.ResourceInvoker.Rethrow(ResourceExecutedContextSealed context)
   at Microsoft.AspNetCore.Mvc.Infrastructure.ResourceInvoker.Next(State& next, Scope& scope, Object& state, Boolean& isCompleted)
   at Microsoft.AspNetCore.Mvc.Infrastructure.ResourceInvoker.<InvokeFilterPipelineAsync>g__Awaited|20_0(ResourceInvoker invoker, Task lastTask, State next, Scope scope, Object state, Boolean isCompleted)
   at Microsoft.AspNetCore.Mvc.Infrastructure.ResourceInvoker.<InvokeAsync>g__Awaited|17_0(ResourceInvoker invoker, Task task, IDisposable scope)
   at Microsoft.AspNetCore.Mvc.Infrastructure.ResourceInvoker.<InvokeAsync>g__Awaited|17_0(ResourceInvoker invoker, Task task, IDisposable scope)
   at Swashbuckle.AspNetCore.SwaggerUI.SwaggerUIMiddleware.Invoke(HttpContext httpContext)
   at Swashbuckle.AspNetCore.Swagger.SwaggerMiddleware.Invoke(HttpContext httpContext, ISwaggerProvider swaggerProvider)
   at Microsoft.AspNetCore.Diagnostics.StatusCodePagesMiddleware.Invoke(HttpContext context)
   at Microsoft.AspNetCore.Diagnostics.ExceptionHandlerMiddlewareImpl.<Invoke>g__Awaited|10_0(ExceptionHandlerMiddlewareImpl middleware, HttpContext context, Task task)
  Exception data:
    Severity: ERROR
    SqlState: 42P01
    MessageText: relation "document.form_templates" does not exist
    Position: 464
    File: parse_relation.c
    Line: 1428
    Routine: parserOpenTable
2026-10-01 13:23:32.731 +07:00 [ERR] WardMate.SharedKernel.Web.GlobalExceptionHandler: Unhandled request exception. TraceId: 00-f7b91cecf4962c9359b86e4e31154052-28062ef95531167d-00
Npgsql.PostgresException (0x80004005): 42P01: relation "document.form_templates" does not exist

POSITION: 464
   at Npgsql.Internal.NpgsqlConnector.ReadMessageLong(Boolean async, DataRowLoadingMode dataRowLoadingMode, Boolean readingNotifications, Boolean isReadingPrependedMessage)
   at System.Runtime.CompilerServices.PoolingAsyncValueTaskMethodBuilder`1.StateMachineBox`1.System.Threading.Tasks.Sources.IValueTaskSource<TResult>.GetResult(Int16 token)
   at Npgsql.NpgsqlDataReader.NextResult(Boolean async, Boolean isConsuming, CancellationToken cancellationToken)
   at Npgsql.NpgsqlDataReader.NextResult(Boolean async, Boolean isConsuming, CancellationToken cancellationToken)
   at Npgsql.NpgsqlCommand.ExecuteReader(Boolean async, CommandBehavior behavior, CancellationToken cancellationToken)
   at Npgsql.NpgsqlCommand.ExecuteReader(Boolean async, CommandBehavior behavior, CancellationToken cancellationToken)
   at Npgsql.NpgsqlCommand.ExecuteDbDataReaderAsync(CommandBehavior behavior, CancellationToken cancellationToken)
   at Microsoft.EntityFrameworkCore.Storage.RelationalCommand.ExecuteReaderAsync(RelationalCommandParameterObject parameterObject, CancellationToken cancellationToken)
   at Microsoft.EntityFrameworkCore.Storage.RelationalCommand.ExecuteReaderAsync(RelationalCommandParameterObject parameterObject, CancellationToken cancellationToken)
   at Microsoft.EntityFrameworkCore.Query.Internal.SingleQueryingEnumerable`1.AsyncEnumerator.InitializeReaderAsync(AsyncEnumerator enumerator, CancellationToken cancellationToken)
   at Npgsql.EntityFrameworkCore.PostgreSQL.Storage.Internal.NpgsqlExecutionStrategy.ExecuteAsync[TState,TResult](TState state, Func`4 operation, Func`4 verifySucceeded, CancellationToken cancellationToken)
   at Microsoft.EntityFrameworkCore.Query.Internal.SingleQueryingEnumerable`1.AsyncEnumerator.MoveNextAsync()
   at Microsoft.EntityFrameworkCore.Query.ShapedQueryCompilingExpressionVisitor.SingleOrDefaultAsync[TSource](IAsyncEnumerable`1 asyncEnumerable, CancellationToken cancellationToken)
   at Microsoft.EntityFrameworkCore.Query.ShapedQueryCompilingExpressionVisitor.SingleOrDefaultAsync[TSource](IAsyncEnumerable`1 asyncEnumerable, CancellationToken cancellationToken)
   at WardMate.Services.DocumentForm.Application.Commands.UploadFormTemplateDocxCommandHandler.Handle(UploadFormTemplateDocxCommand request, CancellationToken cancellationToken) in D:\term 9\wardmate-backend\src\Services\WardMate.Services.DocumentForm\WardMate.Services.DocumentForm.Application\Commands\UploadFormTemplateDocxCommand.cs:line 66
   at WardMate.Services.DocumentForm.API.Controllers.FormTemplatesController.UploadDocx(Guid templateId, IFormFile file, CancellationToken cancellationToken) in D:\term 9\wardmate-backend\src\Services\WardMate.Services.DocumentForm\WardMate.Services.DocumentForm.API\Controllers\FormTemplatesController.cs:line 145
   at Microsoft.AspNetCore.Mvc.Infrastructure.ActionMethodExecutor.TaskOfIActionResultExecutor.Execute(ActionContext actionContext, IActionResultTypeMapper mapper, ObjectMethodExecutor executor, Object controller, Object[] arguments)
   at Microsoft.AspNetCore.Mvc.Infrastructure.ControllerActionInvoker.<InvokeActionMethodAsync>g__Awaited|12_0(ControllerActionInvoker invoker, ValueTask`1 actionResultValueTask)
   at Microsoft.AspNetCore.Mvc.Infrastructure.ControllerActionInvoker.<InvokeNextActionFilterAsync>g__Awaited|10_0(ControllerActionInvoker invoker, Task lastTask, State next, Scope scope, Object state, Boolean isCompleted)
   at Microsoft.AspNetCore.Mvc.Infrastructure.ControllerActionInvoker.Rethrow(ActionExecutedContextSealed context)
   at Microsoft.AspNetCore.Mvc.Infrastructure.ControllerActionInvoker.Next(State& next, Scope& scope, Object& state, Boolean& isCompleted)
   at Microsoft.AspNetCore.Mvc.Infrastructure.ControllerActionInvoker.<InvokeInnerFilterAsync>g__Awaited|13_0(ControllerActionInvoker invoker, Task lastTask, State next, Scope scope, Object state, Boolean isCompleted)
   at Microsoft.AspNetCore.Mvc.Infrastructure.ResourceInvoker.<InvokeNextResourceFilter>g__Awaited|25_0(ResourceInvoker invoker, Task lastTask, State next, Scope scope, Object state, Boolean isCompleted)
   at Microsoft.AspNetCore.Mvc.Infrastructure.ResourceInvoker.Rethrow(ResourceExecutedContextSealed context)
   at Microsoft.AspNetCore.Mvc.Infrastructure.ResourceInvoker.Next(State& next, Scope& scope, Object& state, Boolean& isCompleted)
   at Microsoft.AspNetCore.Mvc.Infrastructure.ResourceInvoker.<InvokeFilterPipelineAsync>g__Awaited|20_0(ResourceInvoker invoker, Task lastTask, State next, Scope scope, Object state, Boolean isCompleted)
   at Microsoft.AspNetCore.Mvc.Infrastructure.ResourceInvoker.<InvokeAsync>g__Awaited|17_0(ResourceInvoker invoker, Task task, IDisposable scope)
   at Microsoft.AspNetCore.Mvc.Infrastructure.ResourceInvoker.<InvokeAsync>g__Awaited|17_0(ResourceInvoker invoker, Task task, IDisposable scope)
   at Swashbuckle.AspNetCore.SwaggerUI.SwaggerUIMiddleware.Invoke(HttpContext httpContext)
   at Swashbuckle.AspNetCore.Swagger.SwaggerMiddleware.Invoke(HttpContext httpContext, ISwaggerProvider swaggerProvider)
   at Microsoft.AspNetCore.Diagnostics.StatusCodePagesMiddleware.Invoke(HttpContext context)
   at Microsoft.AspNetCore.Diagnostics.ExceptionHandlerMiddlewareImpl.<Invoke>g__Awaited|10_0(ExceptionHandlerMiddlewareImpl middleware, HttpContext context, Task task)
  Exception data:
    Severity: ERROR
    SqlState: 42P01
    MessageText: relation "document.form_templates" does not exist
    Position: 464
    File: parse_relation.c
    Line: 1428
    Routine: parserOpenTable
2026-10-01 13:23:32.866 +07:00 [ERR] WardMate.SharedKernel.Logging.RequestLoggingMiddleware: HTTP POST /api/v1/form-templates/f0697f38-f4ab-4e80-a4c8-8023e0d53da2/upload-docx  => 500 [1349ms] | IP: ::1 | TraceId: 0HNOVGHSUOMB5:00000003
2026-10-01 13:23:32.882 +07:00 [ERR] Serilog.AspNetCore.RequestLoggingMiddleware: HTTP POST /api/v1/form-templates/f0697f38-f4ab-4e80-a4c8-8023e0d53da2/upload-docx responded 500 in 1365.202 ms
2026-10-01 13:25:49.256 +07:00 [INF] Microsoft.Hosting.Lifetime: Application is shutting down...
2026-10-01 13:26:00.422 +07:00 [INF] : WardMate.Services.DocumentForm started successfully.
2026-10-01 13:26:00.484 +07:00 [INF] Microsoft.Hosting.Lifetime: Now listening on: http://localhost:5004
2026-10-01 13:26:00.490 +07:00 [INF] Microsoft.Hosting.Lifetime: Application started. Press Ctrl+C to shut down.
2026-10-01 13:26:00.491 +07:00 [INF] Microsoft.Hosting.Lifetime: Hosting environment: Development
2026-10-01 13:26:00.494 +07:00 [INF] Microsoft.Hosting.Lifetime: Content root path: D:\term 9\wardmate-backend\src\Services\WardMate.Services.DocumentForm\WardMate.Services.DocumentForm.API
2026-10-01 13:26:20.661 +07:00 [INF] WardMate.SharedKernel.Logging.RequestLoggingMiddleware: HTTP GET /swagger/index.html  => 200 [134ms] | IP: ::1 | TraceId: 0HNOVGJK5HDTG:00000001
2026-10-01 13:26:20.667 +07:00 [INF] WardMate.SharedKernel.Logging.RequestLoggingMiddleware: HTTP GET /swagger/index.js  => 200 [3ms] | IP: ::1 | TraceId: 0HNOVGJK5HDTH:00000001
2026-10-01 13:26:20.689 +07:00 [INF] Serilog.AspNetCore.RequestLoggingMiddleware: HTTP GET /swagger/index.html responded 200 in 176.715 ms
2026-10-01 13:26:20.689 +07:00 [INF] Serilog.AspNetCore.RequestLoggingMiddleware: HTTP GET /swagger/index.js responded 200 in 24.525 ms
2026-10-01 13:26:20.936 +07:00 [INF] WardMate.SharedKernel.Logging.RequestLoggingMiddleware: HTTP GET /swagger/v1/swagger.json  => 200 [198ms] | IP: ::1 | TraceId: 0HNOVGJK5HDTH:00000002
2026-10-01 13:26:20.943 +07:00 [INF] Serilog.AspNetCore.RequestLoggingMiddleware: HTTP GET /swagger/v1/swagger.json responded 200 in 204.715 ms
2026-10-01 13:26:37.233 +07:00 [WRN] WardMate.SharedKernel.Logging.RequestLoggingMiddleware: HTTP POST /api/v1/form-templates/f0697f38-f4ab-4e80-a4c8-8023e0d53da2/upload-docx  => 404 [657ms] | IP: ::1 | TraceId: 0HNOVGJK5HDTI:00000001
2026-10-01 13:26:37.245 +07:00 [INF] Serilog.AspNetCore.RequestLoggingMiddleware: HTTP POST /api/v1/form-templates/f0697f38-f4ab-4e80-a4c8-8023e0d53da2/upload-docx responded 404 in 669.767 ms
2026-10-01 13:26:45.279 +07:00 [INF] WardMate.SharedKernel.Logging.RequestLoggingMiddleware: HTTP GET /api/v1/form-templates ?page=1&pageSize=20 => 200 [243ms] | IP: ::1 | TraceId: 0HNOVGJK5HDTI:00000002
2026-10-01 13:26:45.290 +07:00 [INF] Serilog.AspNetCore.RequestLoggingMiddleware: HTTP GET /api/v1/form-templates responded 200 in 253.717 ms
2026-10-01 13:27:08.257 +07:00 [WRN] WardMate.SharedKernel.Logging.RequestLoggingMiddleware: HTTP POST /api/v1/form-templates  => 400 [52ms] | IP: ::1 | TraceId: 0HNOVGJK5HDTJ:00000001
2026-10-01 13:27:08.265 +07:00 [INF] Serilog.AspNetCore.RequestLoggingMiddleware: HTTP POST /api/v1/form-templates responded 400 in 61.053 ms
2026-10-01 13:27:20.832 +07:00 [INF] WardMate.SharedKernel.Logging.RequestLoggingMiddleware: HTTP POST /api/v1/form-templates  => 201 [429ms] | IP: ::1 | TraceId: 0HNOVGJK5HDTK:00000001
2026-10-01 13:27:20.847 +07:00 [INF] Serilog.AspNetCore.RequestLoggingMiddleware: HTTP POST /api/v1/form-templates responded 201 in 444.059 ms
2026-10-01 13:27:31.220 +07:00 [INF] WardMate.SharedKernel.Logging.RequestLoggingMiddleware: HTTP GET /api/v1/form-templates ?page=1&pageSize=20&isActive=true => 200 [61ms] | IP: ::1 | TraceId: 0HNOVGJK5HDTK:00000002
2026-10-01 13:27:31.229 +07:00 [INF] Serilog.AspNetCore.RequestLoggingMiddleware: HTTP GET /api/v1/form-templates responded 200 in 69.933 ms
2026-10-01 13:28:08.162 +07:00 [INF] WardMate.SharedKernel.Blob.AzureBlobStorageClient: Blob uploaded: form-templates/string/2c5463ff18134d5981e6d7d48ce7d79b_Mus24tiPhlcbanhnhkmtheo_VL.docx to form-templates
2026-10-01 13:28:08.197 +07:00 [INF] WardMate.SharedKernel.Logging.RequestLoggingMiddleware: HTTP POST /api/v1/form-templates/d8074ba4-57d6-4763-a473-9d9563022613/upload-docx  => 200 [2167ms] | IP: ::1 | TraceId: 0HNOVGJK5HDTL:00000001
2026-10-01 13:28:08.208 +07:00 [INF] Serilog.AspNetCore.RequestLoggingMiddleware: HTTP POST /api/v1/form-templates/d8074ba4-57d6-4763-a473-9d9563022613/upload-docx responded 200 in 2177.663 ms
2026-10-01 13:29:35.372 +07:00 [INF] WardMate.SharedKernel.Logging.RequestLoggingMiddleware: HTTP POST /api/v1/form-templates/extract-placeholders  => 200 [40ms] | IP: ::1 | TraceId: 0HNOVGJK5HDTL:00000002
2026-10-01 13:29:35.383 +07:00 [INF] Serilog.AspNetCore.RequestLoggingMiddleware: HTTP POST /api/v1/form-templates/extract-placeholders responded 200 in 51.184 ms
2026-10-01 13:29:51.972 +07:00 [INF] WardMate.SharedKernel.Logging.RequestLoggingMiddleware: HTTP GET /api/v1/form-templates ?page=1&pageSize=20&isActive=true => 200 [17ms] | IP: ::1 | TraceId: 0HNOVGJK5HDTL:00000003
2026-10-01 13:29:51.980 +07:00 [INF] Serilog.AspNetCore.RequestLoggingMiddleware: HTTP GET /api/v1/form-templates responded 200 in 25.537 ms
2026-10-01 13:36:26.155 +07:00 [INF] WardMate.SharedKernel.Logging.RequestLoggingMiddleware: HTTP GET /swagger/index.html  => 200 [0ms] | IP: ::1 | TraceId: 0HNOVGJK5HDTM:00000001
2026-10-01 13:36:26.162 +07:00 [INF] Serilog.AspNetCore.RequestLoggingMiddleware: HTTP GET /swagger/index.html responded 200 in 7.463 ms
2026-10-01 13:36:26.174 +07:00 [INF] WardMate.SharedKernel.Logging.RequestLoggingMiddleware: HTTP GET /swagger/index.js  => 200 [1ms] | IP: ::1 | TraceId: 0HNOVGJK5HDTN:00000001
2026-10-01 13:36:26.184 +07:00 [INF] Serilog.AspNetCore.RequestLoggingMiddleware: HTTP GET /swagger/index.js responded 200 in 11.073 ms
2026-10-01 13:36:26.277 +07:00 [INF] WardMate.SharedKernel.Logging.RequestLoggingMiddleware: HTTP GET /swagger/v1/swagger.json  => 200 [30ms] | IP: ::1 | TraceId: 0HNOVGJK5HDTN:00000002
2026-10-01 13:36:26.288 +07:00 [INF] Serilog.AspNetCore.RequestLoggingMiddleware: HTTP GET /swagger/v1/swagger.json responded 200 in 41.219 ms
